layer_label,id,name,icon,rarity,cost,shape,tags,mechanic_layer,runtime_mechanics,works_in_battle,works_in_prep,description,build_hints,export_note,battle_mechanics,meta_mechanics,synergies,craft_only,is_enhancement,is_amplifier,is_build_key,unlock_build,recommended_triple,cooldown,stamina,sockets
Старт класса,rusty_sword,Ржавый меч,🗡️,common,2,2 кл.,"weapon, melee",бой (рюкзак),damage =2 [1…3] · синергии: strong → armor (blockBonus:1) | strong → poison (poisonBonus:1),да,да,Удар 1–3 урона ближнего боя.,,,damage =2 [1…3],,strong → armor (blockBonus:1) | strong → poison (poisonBonus:1),,,,,,,2.5,12,0
Старт класса,iron_helmet,Железный шлем,⛑️,common,2,2 кл.,"armor, helmet",бой (рюкзак),passiveDefense @passive =3 | block =4,да,—,+3 защиты. Активация: блок 4.,,,passiveDefense @passive =3 | block =4,,,,,,,,,4,0,0
Опора тройки,dagger,Кинжал,🔪,common,2,1×1,"weapon, melee",бой (рюкзак),damage =2 [1…3] | extraAttackOnStun @passive · синергии: strong → armor (blockBonus:1) | strong → poison (poisonBonus:1),да,да,Удар 1–3 урона. Дополнительная атака по оглушённому противнику.,Опора · Ассасин · стартовый клинок ветки,,damage =2 [1…3] | extraAttackOnStun @passive,,strong → armor (blockBonus:1) | strong → poison (poisonBonus:1),,,,,,triple_assassin,1.5,8,0
Старт класса,poison_vial,Яд,☠️,common,2,1×1,"poison, consumable",бой (рюкзак),poison =1,да,—,Накладывает 1 яда.,,,poison =1,,,,,,,,,4.5,0,0
Старт класса,apprentice_staff,Посох ученика,🪄,common,3,2 кл.,"weapon, magic, melee",бой (рюкзак),damage =2 [1…3] dmg:magic · синергии: strong → armor (blockBonus:1) | strong → poison (poisonBonus:1) | strong → gem (cooldownReduction:0.08),да,да,Магический удар 1–3 урона.,,,damage =2 [1…3] dmg:magic,,strong → armor (blockBonus:1) | strong → poison (poisonBonus:1) | strong → gem (cooldownReduction:0.08),,,,,,,2.5,12,0
Старт класса,mana_crystal,Мана-кристалл,💎,uncommon,5,2 кл.,"magic, gem",бой (рюкзак),damage =4 [1…4] dmg:magic · синергии: strong → gem (cooldownReduction:0.08),да,да,Магический удар 1–4 урона.,,,damage =4 [1…4] dmg:magic,,strong → gem (cooldownReduction:0.08),,,,,,,2,0,0
Старт класса,apple,Яблоко,🍎,common,1,1×1,"food, heal",бой (рюкзак),heal =3,да,—,Лечение 3 HP.,,,heal =3,,,,,,,,,2.5,0,0
Старт класса,banana,Банан,🍌,common,3,1×1,"food, nature",бой (рюкзак),periodic @passive,да,—,Каждые 5с: +4 HP и +1 выносливости.,,,periodic @passive,,,,,,,,,5,0,0
Усиление 1×1,enh_stray_charm,Оберег странника,🐣,common,3,1×1,"utility, enhancement",усиление (отдельный слой),+1% all · усиливает путь универсала · бой: allMult:0.01 · bias тегов: utility,да,да,+1% all · усиливает путь универсала,Усиление · Голова · положите в рюкзак,effects[] пуст — смотри ENHANCEMENT_CATALOG.combat,,,,,да,,,,,0,,
Усиление 1×1,enh_ember_crown,Пепельная корона,👑,rare,5,1×1,"fire, magic, enhancement",усиление (отдельный слой),"+3% магия · огненная ось · бой: magicDamageMult:0.03 · bias тегов: fire, magic",да,да,+3% магия · огненная ось,Усиление · Голова · положите в рюкзак,effects[] пуст — смотри ENHANCEMENT_CATALOG.combat,,,,,да,,,,,0,,
Усиление 1×1,enh_hymn_veil,Вуаль гимна,🎵,epic,7,1×1,"holy, musical, enhancement",усиление (отдельный слой),"−3% перезарядка · путь к ЖРЕЦИЛЕ · бой: cooldownMult:-0.03 · bias тегов: holy, musical",да,да,−3% перезарядка · путь к ЖРЕЦИЛЕ,Усиление · Голова · положите в рюкзак,effects[] пуст — смотри ENHANCEMENT_CATALOG.combat,,,,,да,,,,,0,,
Усиление 1×1,enh_shadow_hood,Капюшон тени,🥷,rare,5,1×1,"speed, melee, enhancement",усиление (отдельный слой),"−2% перезарядка · теневой разбойник · бой: cooldownMult:-0.02 · bias тегов: speed, melee",да,да,−2% перезарядка · теневой разбойник,Усиление · Голова · положите в рюкзак,effects[] пуст — смотри ENHANCEMENT_CATALOG.combat,,,,,да,,,,,0,,
Усиление 1×1,enh_frost_circlet,Морозный венец,❄️,rare,5,1×1,"cold, magic, enhancement",усиление (отдельный слой),"+2% магия · криомант · бой: magicDamageMult:0.02 · bias тегов: cold, magic",да,да,+2% магия · криомант,Усиление · Голова · положите в рюкзак,effects[] пуст — смотри ENHANCEMENT_CATALOG.combat,,,,,да,,,,,0,,
Усиление 1×1,enh_inquisitor_mask,Маска инквизитора,🔥,epic,7,1×1,"holy, fire, enhancement",усиление (отдельный слой),"+2.5% урон · судия · бой: damageMult:0.025 · bias тегов: holy, fire",да,да,+2.5% урон · судия,Усиление · Голова · положите в рюкзак,effects[] пуст — смотри ENHANCEMENT_CATALOG.combat,,,,,да,,,,,0,,
Усиление 1×1,enh_bard_crown,Корона барда,🎭,epic,7,1×1,"musical, holy, enhancement",усиление (отдельный слой),"−2.5% перезарядка · гимн и мелодия · бой: cooldownMult:-0.025 · bias тегов: musical, holy",да,да,−2.5% перезарядка · гимн и мелодия,Усиление · Голова · положите в рюкзак,effects[] пуст — смотри ENHANCEMENT_CATALOG.combat,,,,,да,,,,,0,,
Усиление 1×1,enh_oracle_diadem,Диадема оракула,👁️,rare,5,1×1,"heal, holy, enhancement",усиление (отдельный слой),"+3 HP · провидец · бой: maxHp:3 · bias тегов: heal, holy",да,да,+3 HP · провидец,Усиление · Голова · положите в рюкзак,effects[] пуст — смотри ENHANCEMENT_CATALOG.combat,,,,,да,,,,,0,,
Усиление 1×1,enh_defeated_breastplate,Кираса побеждённого,🛡️,legendary,9,1×1,"armor, holy, enhancement",усиление (отдельный слой),"+8 HP · танк / паладин · бой: maxHp:8 · bias тегов: armor, holy",да,да,+8 HP · танк / паладин,Усиление · Грудь · положите в рюкзак,effects[] пуст — смотри ENHANCEMENT_CATALOG.combat,,,,,да,,,,,0,,
Усиление 1×1,enh_holy_aegis,Святая эгида,✨,epic,7,1×1,"holy, armor, enhancement",усиление (отдельный слой),"+6 HP · святая грудная опора · бой: maxHp:6 · bias тегов: holy, armor",да,да,+6 HP · святая грудная опора,Усиление · Грудь · только крафт,effects[] пуст — смотри ENHANCEMENT_CATALOG.combat,,,,да,да,,,,,0,,
Усиление 1×1,enh_guardian_mail,Кольчуга стража,⛓️,rare,5,1×1,"armor, enhancement",усиление (отдельный слой),+5 HP · базовая грудная броня · бой: maxHp:5 · bias тегов: armor,да,да,+5 HP · базовая грудная броня,Усиление · Грудь · только крафт,effects[] пуст — смотри ENHANCEMENT_CATALOG.combat,,,,да,да,,,,,0,,
Усиление 1×1,enh_zealot_vestment,Ряса ревнителя,📿,epic,7,1×1,"holy, heal, enhancement",усиление (отдельный слой),"+4 HP · +1% all · путь к ЖРЕЦИЛЕ · бой: maxHp:4, allMult:0.01 · bias тегов: holy, heal",да,да,+4 HP · +1% all · путь к ЖРЕЦИЛЕ,Усиление · Грудь · только крафт,effects[] пуст — смотри ENHANCEMENT_CATALOG.combat,,,,да,да,,,,,0,,
Усиление 1×1,enh_plague_bindings,Чумные обмотки,☣️,rare,5,1×1,"poison, armor, enhancement",усиление (отдельный слой),"+4 HP · ядовитая броня · бой: maxHp:4 · bias тегов: poison, armor",да,да,+4 HP · ядовитая броня,Усиление · Грудь · только крафт,effects[] пуст — смотри ENHANCEMENT_CATALOG.combat,,,,да,да,,,,,0,,
Усиление 1×1,enh_arcane_robe,Мантия арканиста,🌌,epic,7,1×1,"magic, gem, enhancement",усиление (отдельный слой),"+2% магия · кристаллическая ось · бой: magicDamageMult:0.02 · bias тегов: magic, gem",да,да,+2% магия · кристаллическая ось,Усиление · Грудь · положите в рюкзак,effects[] пуст — смотри ENHANCEMENT_CATALOG.combat,,,,,да,,,,,0,,
Усиление 1×1,enh_juggernaut_plate,Латы колосса,🏔️,legendary,9,1×1,"armor, shield, enhancement",усиление (отдельный слой),"+7 HP · тяжёлый танк · бой: maxHp:7 · bias тегов: armor, shield",да,да,+7 HP · тяжёлый танк,Усиление · Грудь · только крафт,effects[] пуст — смотри ENHANCEMENT_CATALOG.combat,,,,да,да,,,,,0,,
Усиление 1×1,enh_rogue_vest,Жилет афериста,🎲,rare,5,1×1,"utility, luck, enhancement",усиление (отдельный слой),"+1% all · универсальный разбойник · бой: allMult:0.01 · bias тегов: utility, luck",да,да,+1% all · универсальный разбойник,Усиление · Грудь · положите в рюкзак,effects[] пуст — смотри ENHANCEMENT_CATALOG.combat,,,,,да,,,,,0,,
Усиление 1×1,enh_mad_scholar_sandals,Сандалии сумасшедшего учёного,👡,legendary,9,1×1,"speed, magic, luck, enhancement",усиление (отдельный слой),"−4% перезарядка · хаотичный учёный · бой: cooldownMult:-0.04 · bias тегов: speed, magic, luck",да,да,−4% перезарядка · хаотичный учёный,Усиление · Ботинки · положите в рюкзак,effects[] пуст — смотри ENHANCEMENT_CATALOG.combat,,,,,да,,,,,0,,
Усиление 1×1,enh_assassin_treads,Шаги клинка,🥾,epic,7,1×1,"poison, melee, enhancement",усиление (отдельный слой),"+3.5% урон · ассасин · бой: damageMult:0.035 · bias тегов: poison, melee",да,да,+3.5% урон · ассасин,Усиление · Ботинки · положите в рюкзак,effects[] пуст — смотри ENHANCEMENT_CATALOG.combat,,,,,да,,,,,0,,
Усиление 1×1,enh_swift_treads,Стремительные шаги,💨,common,3,1×1,"speed, utility, enhancement",усиление (отдельный слой),"−2% перезарядка · базовый темп · бой: cooldownMult:-0.02 · bias тегов: speed, utility",да,да,−2% перезарядка · базовый темп,Усиление · Ботинки · положите в рюкзак,effects[] пуст — смотри ENHANCEMENT_CATALOG.combat,,,,,да,,,,,0,,
Усиление 1×1,enh_paladin_greaves,Наголенники паладина,⚔️,epic,7,1×1,"holy, armor, enhancement",усиление (отдельный слой),"+3 HP · святая стойкость · бой: maxHp:3 · bias тегов: holy, armor",да,да,+3 HP · святая стойкость,Усиление · Ботинки · положите в рюкзак,effects[] пуст — смотри ENHANCEMENT_CATALOG.combat,,,,,да,,,,,0,,
Усиление 1×1,enh_frost_walkers,Морозные сапоги,🧊,rare,5,1×1,"cold, speed, enhancement",усиление (отдельный слой),"−2.5% перезарядка · лёд · бой: cooldownMult:-0.025 · bias тегов: cold, speed",да,да,−2.5% перезарядка · лёд,Усиление · Ботинки · положите в рюкзак,effects[] пуст — смотри ENHANCEMENT_CATALOG.combat,,,,,да,,,,,0,,
Усиление 1×1,enh_trickster_slippers,Тапочки плута,🃏,rare,5,1×1,"luck, utility, enhancement",усиление (отдельный слой),"+1.5% all · удача · бой: allMult:0.015 · bias тегов: luck, utility",да,да,+1.5% all · удача,Усиление · Ботинки · положите в рюкзак,effects[] пуст — смотри ENHANCEMENT_CATALOG.combat,,,,,да,,,,,0,,
Усиление 1×1,enh_pyro_steps,Пепельные шаги,🔥,epic,7,1×1,"fire, speed, enhancement",усиление (отдельный слой),"+2% магия · огненный темп · бой: magicDamageMult:0.02 · bias тегов: fire, speed",да,да,+2% магия · огненный темп,Усиление · Ботинки · положите в рюкзак,effects[] пуст — смотри ENHANCEMENT_CATALOG.combat,,,,,да,,,,,0,,
Усиление 1×1,enh_guardian_sabatons,Сабатоны стража,🛡️,legendary,9,1×1,"armor, shield, enhancement",усиление (отдельный слой),"+5 HP · страж · бой: maxHp:5 · bias тегов: armor, shield",да,да,+5 HP · страж,Усиление · Ботинки · только крафт,effects[] пуст — смотри ENHANCEMENT_CATALOG.combat,,,,да,да,,,,,0,,
Усилитель рюкзака,amplify_fire,Огненный фокус,🔥,common,2,1×1,"utility, amplifier, fire",подсветка + боевой бонус,Подсвечивает тег «fire». При совпадении в рюкзаке · бой: magicDamageMult:0.02.,да (если есть пара),UI,Подсвечивает огонь в рюкзаке. Если есть огненный предмет: +2% маг. урона.,Усилитель · подсветка семейство «fire»,,,,,,,да,,,,0,,
Усилитель рюкзака,amplify_holy,Святой ориентир,✨,common,2,1×1,"utility, amplifier, holy",подсветка + боевой бонус,Подсвечивает тег «holy». При совпадении в рюкзаке · бой: allMult:0.01.,да (если есть пара),UI,Подсвечивает святые предметы. Если есть святой предмет: +1% ко всему урону.,Усилитель · подсветка семейство «holy»,,,,,,,да,,,,0,,
Усилитель рюкзака,amplify_poison,Ядовитый след,☠️,common,2,1×1,"utility, amplifier, poison",подсветка + боевой бонус,Подсвечивает тег «poison». При совпадении в рюкзаке · бой: damageMult:0.015.,да (если есть пара),UI,Подсвечивает яд в рюкзаке. Если есть ядовитый предмет: +1.5% урона.,Усилитель · подсветка семейство «poison»,,,,,,,да,,,,0,,
Усилитель рюкзака,amplify_magic,Магический компас,🔮,rare,3,1×1,"utility, amplifier, magic",подсветка + боевой бонус,Подсвечивает тег «magic». При совпадении в рюкзаке · бой: magicDamageMult:0.025.,да (если есть пара),UI,Подсвечивает магию. Если есть магический предмет: +2.5% маг. урона.,Усилитель · подсветка семейство «magic»,,,,,,,да,,,,0,,
Усилитель рюкзака,amplify_melee,Клинок-маяк,⚔️,common,2,1×1,"utility, amplifier, melee",подсветка + боевой бонус,Подсвечивает тег «melee». При совпадении в рюкзаке · бой: damageMult:0.02.,да (если есть пара),UI,Подсвечивает ближний бой. Если есть melee-предмет: +2% урона.,Усилитель · подсветка семейство «melee»,,,,,,,да,,,,0,,
Усилитель рюкзака,amplify_staff,Посох-указатель,🪄,rare,3,1×1,"utility, amplifier",подсветка + боевой бонус,Подсвечивает экип «staff». При совпадении в рюкзаке · бой: magicDamageMult:0.02.,да (если есть пара),UI,Подсвечивает посохи. Если есть посох: +2% маг. урона.,Усилитель · подсветка экипировка «staff»,,,,,,,да,,,,0,,
Усилитель рюкзака,amplify_wand,Жезл-маяк,✴️,rare,3,1×1,"utility, amplifier",подсветка + боевой бонус,Подсвечивает экип «wand». При совпадении в рюкзаке · бой: magicDamageMult:0.015.,да (если есть пара),UI,Подсвечивает жезлы. Если есть жезл: +1.5% маг. урона.,Усилитель · подсветка экипировка «wand»,,,,,,,да,,,,0,,
Усилитель рюкзака,amplify_twohand,Двуручный якорь,🪓,epic,4,1×1,"utility, amplifier",подсветка + боевой бонус,Подсвечивает экип «twoHand». При совпадении в рюкзаке · бой: damageMult:0.025.,да (если есть пара),UI,Подсвечивает двуручное оружие. Если есть двуручник: +2.5% урона.,Усилитель · подсветка экипировка «twoHand»,,,,,,,да,,,,0,,
Усилитель рюкзака,amplify_chest,Кираса-маяк,🦺,rare,3,1×1,"utility, amplifier",подсветка + боевой бонус,Подсвечивает слот «chest». При совпадении в рюкзаке · бой: maxHp:2.,да (если есть пара),UI,Подсвечивает броню и грудные усиления. Если есть броня/грудь: +2 HP.,Усилитель · подсветка слот «Грудь»,,,,,,,да,,,,0,,
Усилитель рюкзака,amplify_boots,Следопыт,👢,rare,3,1×1,"utility, amplifier",подсветка + боевой бонус,Подсвечивает слот «boots». При совпадении в рюкзаке · бой: cooldownMult:-0.015.,да (если есть пара),UI,Подсвечивает обувь и ботинки. Если есть обувь/ботинки: −1.5% перезарядки.,Усилитель · подсветка слот «Ботинки»,,,,,,,да,,,,0,,
Ключ ветки,key_ember_codex,Пепельный кодекс,📕,rare,4,1×1,"key, fire, enhancement",ключ ветки,unlock_build @passive build:triple_pyro_mage,нет,магазин/крафт,Открывает ветку «Огненный пиромант»: bias усилений и крафтов в магазине.,Ключ ветки · положите в рюкзак,bias магазина при unlock_build в рюкзаке,,unlock_build @passive build:triple_pyro_mage,,,,,да,triple_pyro_mage,,,,
Ключ ветки,key_hymn_folio,Фолиант гимна,📜,epic,5,1×1,"key, holy, musical, enhancement",ключ ветки,unlock_build @passive build:triple_zrecrela,нет,магазин/крафт,Открывает ветку «ЖРЕЦИЛА»: видны рецепты и чаще святые усиления.,Ключ ветки · положите в рюкзак,bias магазина при unlock_build в рюкзаке,,unlock_build @passive build:triple_zrecrela,,,,,да,triple_zrecrela,,,,
Ключ ветки,key_paladin_oath,Клятва паладина,⚔️,rare,4,1×1,"key, holy, enhancement",ключ ветки,unlock_build @passive build:triple_paladin,нет,магазин/крафт,Открывает ветку «Паладин»: bias святых опор и усилений.,Ключ ветки · положите в рюкзак,bias магазина при unlock_build в рюкзаке,,unlock_build @passive build:triple_paladin,,,,,да,triple_paladin,,,,
Ключ ветки,key_shadow_pact,Договор тени,🗡️,rare,4,1×1,"key, poison, enhancement",ключ ветки,unlock_build @passive build:triple_assassin,нет,магазин/крафт,Открывает ветку «Ассасин»: чаще ядовитые опоры.,Ключ ветки · положите в рюкзак,bias магазина при unlock_build в рюкзаке,,unlock_build @passive build:triple_assassin,,,,,да,triple_assassin,,,,
Опора тройки,fire_staff,Огненный посох,🔥,legendary,12,3 кл.,"weapon, magic, fire, melee",бой (рюкзак),damage =11 [6…11] dmg:fire | groundFire @passive =3 | shieldBreakBonus @passive =0.15 · синергии: weak → gem (damageBonus:2) | strong → armor (blockBonus:1) | strong → poison (poisonBonus:1) | strong → gem (cooldownReduction:0.08),да,да,Огненный удар 6–11. Поджигает поле (3 урона/с). +15% пробивания блока.,Опора · Огненный пиромант · посох ветки,,damage =11 [6…11] dmg:fire | groundFire @passive =3 | shieldBreakBonus @passive =0.15,,weak → gem (damageBonus:2) | strong → armor (blockBonus:1) | strong → poison (poisonBonus:1) | strong → gem (cooldownReduction:0.08),,,,,,triple_pyro_mage,3,15,0
Опора тройки,weapon_holy_mace,Святой молот,🔨✨,godly,13,2 кл.,"weapon, holy, melee",бой (рюкзак),damage =9 [5…10] dmg:holy | gainStack @battle_start =20 stack:block | statMult @passive =0.04 stat:damage · синергии: strong → armor (blockBonus:1) | strong → poison (poisonBonus:1),да,да,Святой удар. В начале боя: +20 блока. +4% урона.,,,damage =9 [5…10] dmg:holy | gainStack @battle_start =20 stack:block | statMult @passive =0.04 stat:damage,,strong → armor (blockBonus:1) | strong → poison (poisonBonus:1),,,,,,triple_paladin,2.4,14,0
Опора тройки,armor_holy_choir,Хоровая кираса,🦺🎵,legendary,11,6 кл.,"armor, holy, musical",бой (рюкзак),passiveDefense @passive =3 | heal @periodic =3 | statMult @passive =-0.03 stat:cooldown,да,—,Святая броня хора. Каждые 3с: +3 HP. −3% перезарядка.,,,passiveDefense @passive =3 | heal @periodic =3 | statMult @passive =-0.03 stat:cooldown,,,,,,,,triple_zrecrela,2.5,0,1
Опора тройки,accessory_musical_slippers,Музыкальные туфли,👞🎵,epic,7,1×1,"shoes, musical, holy, accessory",бой (рюкзак),statMult @passive =-0.035 stat:cooldown | gainStack @battle_start =1 stack:empower,да,—,−3.5% перезарядка. В начале боя: +1 усиление.,,,statMult @passive =-0.035 stat:cooldown | gainStack @battle_start =1 stack:empower,,,,,,,,triple_zrecrela,0,0,0
Опора тройки,boots_steadfast,Стойкие сапоги,🥾,legendary,9,2 кл.,"shoes, armor, holy",бой (рюкзак),passiveDefense @passive =2 | gainStack @battle_start =35 stack:block,да,—,В начале боя: +35 блока. +3% макс. HP.,,,passiveDefense @passive =2 | gainStack @battle_start =35 stack:block,,,,,,,,triple_paladin,0,0,0
Опора тройки,armor_light_weave,Лёгкий плетёный доспех,🥋,epic,8,4 кл.,"armor, poison, melee",бой (рюкзак),passiveDefense @passive =2 | statMult @passive =0.035 stat:damage,да,—,+3.5% урона. 25% шанс яда при ударе.,,,passiveDefense @passive =2 | statMult @passive =0.035 stat:damage,,,,,,,,triple_assassin,0,0,0
Расширение (legacy),artifact_stone_cold,Артефактный камень: Холод,🪨❄️,unique,10,1×1,"accessory, cold",бой (рюкзак),damage =3 [2…4] | periodic @passive | activationLimit @passive | gainStack @on_hit =3 stack:cold,да,—,1 бросок. При попадании: +3 холода. Каждые 5с: +1 холод и +4 HP.,,,damage =3 [2…4] | periodic @passive | activationLimit @passive | gainStack @on_hit =3 stack:cold,,,,,,,,,4,0,0
Расширение (legacy),artifact_stone_heat,Артефактный камень: Жар,🪨🔥,unique,9,1×1,"accessory, fire",бой (рюкзак),damage =5 [4…6] | activationLimit @passive | gainStack @on_hit =3 stack:heat | stackThreshold @passive stack:heat,да,—,1 бросок. При попадании: +3 жара. При 10 жара: оружие +8 урона.,,,damage =5 [4…6] | activationLimit @passive | gainStack @on_hit =3 stack:heat | stackThreshold @passive stack:heat,,,,,,,,,2,0,0
Расширение (legacy),beast_fang,Клык зверя,🦷,uncommon,6,1×1,"accessory, nature",бой (рюкзак),statMult @passive =-0.15 stat:cooldown | statMult @passive =0.1 stat:damage,да,—,×-0.15 к cooldown. ×0.1 к damage.,,,statMult @passive =-0.15 stat:cooldown | statMult @passive =0.1 stat:damage,,,,,,,,,0,0,0
Расширение (legacy),blood_amulet,Кровавый амулет,📿,legendary,8,1×1,"accessory, vampiric, craft",бой (рюкзак),passiveMaxHp @passive =20 | gainStack @battle_start =2 stack:regen,да,—,В начале боя: +2 регена и +20 макс. HP.,,,passiveMaxHp @passive =20 | gainStack @battle_start =2 stack:regen,,,,,,,,,0,0,0
Расширение (legacy),blood_harvester,Сборщик крови,🩸🌾,unique,11,1×1,"accessory, vampiric, craft",бой (рюкзак),stackGainMult @passive =1 | cooldownMultPerTotalStacks @passive | stackGainMult @passive =1 · синергии: strong → vampiric (healBonus:2),да,да,Стаки на 100% эффективнее. Предметы на 5% быстрее за каждый стак (макс. +200%).,,,stackGainMult @passive =1 | cooldownMultPerTotalStacks @passive | stackGainMult @passive =1,,strong → vampiric (healBonus:2),,,,,,,4,0.5,3
Расширение (legacy),blood_stone,Кровавый камень,🩸,rare,10,2 кл.,"gem, vampiric",бой (рюкзак),lifesteal @passive =0.22 | passiveMaxHp @passive =10 | damage =5 [1…5],да,—,Вампиризм 22%. +10 макс. HP. Удар 1–5 урона.,,,lifesteal @passive =0.22 | passiveMaxHp @passive =10 | damage =5 [1…5],,,,,,,,,3.5,0,0
Расширение (legacy),box_of_riches,Ящик богатства,📦,rare,5,1×1,"accessory, treasure",только prep/магазин,мета: generate_gem @shop_enter | offer_tag @shop_pool,нет,да,При входе в магазин: сгенерировать камень низкого качества. Камни появляются в магазине.,,,,generate_gem @shop_enter | offer_tag @shop_pool,,,,,,,,0,0,0
Расширение (legacy),corrupted_crystal,Искажённый кристалл,💎,epic,7,1×1,"accessory, dark",бой (рюкзак),statMult @passive =0.05 stat:damage | statMult @passive =0.08 stat:magicDamage | foeHpThreshold @passive | debuffThreshold @passive | periodic @passive,да,—,Противник <30% HP: +50% урона. При 7 дебаффах: +6 к сильнейшему стаку. Каждые 3.9с: +2 яда.,,,statMult @passive =0.05 stat:damage | statMult @passive =0.08 stat:magicDamage | foeHpThreshold @passive | debuffThreshold @passive | periodic @passive,,,,,,,,,3.9,0,0
Расширение (legacy),cthulhu,Ктулху,🐙👁️,unique,8,1×1,"pet, dark",бой (рюкзак),periodic @passive dmg:magic | cooldownMultPerTag @passive | periodic @passive dmg:magic | periodic @passive dmg:magic,да,—,Каждые 3.3с: 10 маг. урона с вампиризмом и случайный стак. Быстрее за еду.,,,periodic @passive dmg:magic | cooldownMultPerTag @passive | periodic @passive dmg:magic | periodic @passive dmg:magic,,,,,,,,,3.3,0,0
Расширение (legacy),cubert,Куберт,🧊,unique,8,1×1,pet,бой (рюкзак),periodic @passive,да,—,"Активируется: 35% шанс получить 1 стак активируется: 30% шанс Потратить 1, чтобы получить 1 стак",,,periodic @passive,,,,,,,,,4,0,0
Расширение (legacy),dancing_dragon,Танцующий дракон,🐉💃,unique,12,1×1,"pet, musical",бой (рюкзак),statMult @passive =0.08 stat:damage | gainStack @battle_start =1 stack:empower | gainStack @battle_start =1 stack:luck | damagePerStack @passive =1 stack:empower,да,—,В начале боя: +1 усиление и +1 удача. +1 урона за усиление.,,,statMult @passive =0.08 stat:damage | gainStack @battle_start =1 stack:empower | gainStack @battle_start =1 stack:luck | damagePerStack @passive =1 stack:empower,,,,,,,,,0,0,2
Расширение (legacy),djinn_lamp,Лампа джинна,🪔,godly,11,1×1,"accessory, magic, luck, spikes",бой (рюкзак),heal =2 | passiveLuck @passive =8 | passiveDefense @passive =2 | statMult @passive =0.1 stat:magicDamage | periodic @passive · синергии: strong → gem (cooldownReduction:0.08),да,да,"Каждые 1.6с: +1 удача, мана или шип (случайно).",,,heal =2 | passiveLuck @passive =8 | passiveDefense @passive =2 | statMult @passive =0.1 stat:magicDamage | periodic @passive,,strong → gem (cooldownReduction:0.08),,,,,,,1.6,0,0
Расширение (legacy),fancy_fencing_rapier,Изящная шпага,🤺🍀,godly,12,3 кл.,"weapon, luck, melee",бой (рюкзак),damage =13 [10…16] | spendStack @on_hit =3 stack:luck | gainStack @on_miss =3 stack:luck · синергии: strong → armor (blockBonus:1) | strong → poison (poisonBonus:1),да,да,При попадании: −3 удачи → +3 урона. При промахе: +3 удачи.,,,damage =13 [10…16] | spendStack @on_hit =3 stack:luck | gainStack @on_miss =3 stack:luck,,strong → armor (blockBonus:1) | strong → poison (poisonBonus:1),,,,,,,1.7,1,1
Расширение (legacy),fanfare,Фанфары,🎺,godly,7,1×1,"accessory, musical",бой (рюкзак),periodic @passive,да,—,Каждые 3с: −1 выносливости противнику. Каждые 5 срабатываний: оглушение 1с.,,,periodic @passive,,,,,,,,,3,0,0
Расширение (legacy),flute,Флейта,🎵,epic,6,1×1,"accessory, musical",бой (рюкзак),periodic @passive | cooldownMultPerAdjacent @passive,да,—,"Каждые 4.7с: +14 блока, +2 выносливости или +2 удачи (случайно). На 10% быстрее за соседа (до 60%).",,,periodic @passive | cooldownMultPerAdjacent @passive,,,,,,,,,4.7,0,0
Расширение (legacy),frozen_flame,Замёрзшее пламя,🧊,unique,10,1×1,"accessory, fire, cold",бой (рюкзак),statMult @passive =0.08 stat:damage | tagScaledStack @battle_start stack:heat | stackThreshold @passive stack:heat | crit @passive 2% | critDamageMult @passive =0.02 · мета: offer_tag @shop_pool,да,да,В начале боя: +8 жара за огонь. При 6 жара: +2 жара противнику. +1.5% крит.,,,statMult @passive =0.08 stat:damage | tagScaledStack @battle_start stack:heat | stackThreshold @passive stack:heat | crit @passive 2% | critDamageMult @passive =0.02,offer_tag @shop_pool,,,,,,,,0,0,0
Расширение (legacy),goobert,Губерт,🟢,rare,6,1×1,"pet, craft",бой (рюкзак),heal =2 | activationThreshold @passive,да,—,После 6 активаций предметов: +12 HP и +2 жара (раз).,,,heal =2 | activationThreshold @passive,,,,,,,,,5,0,0
Расширение (legacy),great_shield,Большой щит,🛡️,rare,8,4 кл.,"armor, shield",бой (рюкзак),block =18 · синергии: strong → armor (blockBonus:2),да,да,Блок 18. Синергия: Рядом с бронёй: +2 к блоку.,,,block =18,,strong → armor (blockBonus:2),,,,,,,3,0,0
Расширение (legacy),happy_bomb,Счастливая бомба,🎉,unique,7,1×1,accessory,бой (рюкзак),buffTimed =0.15 stat:damage | periodic @passive dmg:magic,да,—,Каждые 12с: 20 маг. урона.,,,buffTimed =0.15 stat:damage | periodic @passive dmg:magic,,,,,,,,,12,0,0
Расширение (legacy),holdall,Вместительная сумка,🧳,epic,7,контейнер 6 сл.,bag,контейнер,+6 слотов рюкзака,нет,слоты,В начале боя: +8 жара за нейтральный предмет внутри.,Универсальный / автономный,не активируется в бою,,,,,,,,,,0,,
Расширение (legacy),impractically_large_greatsword,Непрактично огромный двуручник,⚔️📏,godly,14,4 кл.,"weapon, melee",бой (рюкзак),damage =45 [40…50] | stackThreshold @passive stack:heat · синергии: strong → armor (blockBonus:1) | strong → poison (poisonBonus:1),да,да,При 5+ жара: +1 усиление.,,,damage =45 [40…50] | stackThreshold @passive stack:heat,,strong → armor (blockBonus:1) | strong → poison (poisonBonus:1),,,,,,,5,5,4
Расширение (legacy),katana,Катана,🗾⚔️,godly,14,2 кл.,"weapon, melee",бой (рюкзак),damage =9 [8…10] | stealWeaponDamage @on_hit =1 · синергии: strong → armor (blockBonus:1) | strong → poison (poisonBonus:1),да,да,При попадании: украсть 1 урона с оружия противника.,,,damage =9 [8…10] | stealWeaponDamage @on_hit =1,,strong → armor (blockBonus:1) | strong → poison (poisonBonus:1),,,,,,,1.7,1.3,3
Расширение (legacy),king_crown,Королевская корона,👑👑,godly,17,2 кл.,"armor, helmet, holy",бой (рюкзак),periodic @passive | invulnOnStaminaSpend @passive · синергии: both → weapon+pet+armor+shield+food+potion (damageBonus:2),да,да,Каждые 2.4с: +8 HP. Потратить 10 выносливости: неуязвимость 2.5с.,,,periodic @passive | invulnOnStaminaSpend @passive,,both → weapon+pet+armor+shield+food+potion (damageBonus:2),,,,,,,2.4,0,2
Расширение (legacy),large_sack,Большой мешок,🛄,rare,9,контейнер 6 сл.,bag,контейнер,+6 слотов рюкзака,нет,слоты,+6 слотов рюкзака.,,не активируется в бою,,,,,,,,,,0,,
Расширение (legacy),leather_bag,Кожаная сумка,👜,common,4,контейнер 4 сл.,bag,контейнер,+4 слотов рюкзака,нет,слоты,+4 слота рюкзака.,Расширение инвентаря · Ветка: Fanny Pack → Holdall,не активируется в бою,,,,,,,,,,0,,
Расширение (legacy),lightsaber,Световой меч,⚔️💡,godly,9,3 кл.,"weapon, debuff, melee, holy",бой (рюкзак),damage =10 [8…12] | invulnOnStaminaSpend @passive | damagePerFoeDebuff @passive =1 · синергии: strong → armor (blockBonus:1) | strong → poison (poisonBonus:1),да,да,−3 выносливости: замедление 8 на 6с. +1 урона за дебафф противника.,,,damage =10 [8…12] | invulnOnStaminaSpend @passive | damagePerFoeDebuff @passive =1,,strong → armor (blockBonus:1) | strong → poison (poisonBonus:1),,,,,,,1.5,1.2,2
Расширение (legacy),lil_chestnut,Маленький каштан,🌰,unique,6,1×1,pet,бой (рюкзак),periodic @passive | cooldownMultPerItemCost @passive · мета: trade_offer @shop_refresh =3 40%,да,да,При обновлении магазина: 40% торговое предложение. Каждые 6с: +3 к сильнейшему стаку. На 1% быстрее за стоимость предметов.,,,periodic @passive | cooldownMultPerItemCost @passive,trade_offer @shop_refresh =3 40%,,,,,,,,6,0,0
Расширение (legacy),mana_orb,Сфера маны,🔮,legendary,16,2 кл.,"magic, gem",бой (рюкзак),damage =7 [2…7] dmg:magic | repeatCast @passive · синергии: strong → gem (cooldownReduction:0.08),да,да,Магический удар 2–7 урона. Повтор активации (?).,,,damage =7 [2…7] dmg:magic | repeatCast @passive,,strong → gem (cooldownReduction:0.08),,,,,,,2.4,0,0
Расширение (legacy),mana_orb_charm,Сфера маны (талисман),🔮,epic,6,1×1,"accessory, magic, craft",бой (рюкзак),statMult @passive =0.1 stat:magicDamage | onActivate 50% | invulnOnStaminaSpend @passive · синергии: strong → magic (cooldownReduction:0.08) | strong → gem (cooldownReduction:0.08),да,да,При активации: 50% +1 мана. −35 выносливости: неуязвимость 2с.,,,statMult @passive =0.1 stat:magicDamage | onActivate 50% | invulnOnStaminaSpend @passive,,strong → magic (cooldownReduction:0.08) | strong → gem (cooldownReduction:0.08),,,,,,,0,0,0
Расширение (legacy),maneki_neko,Манэки-нэко,🐱,legendary,10,2 кл.,"accessory, luck, holy",бой (рюкзак),passiveDefense @passive =3 | passiveLuck @passive =15 | procChanceBonus @passive =0.03 | passiveLuck @passive =1,да,—,+1 удача и +3% к прокам.,,,passiveDefense @passive =3 | passiveLuck @passive =15 | procChanceBonus @passive =0.03 | passiveLuck @passive =1,,,,,,,,,0,0,0
Расширение (legacy),mr_struggles,Мистер Страглз,😰,unique,10,1×1,pet,бой (рюкзак),periodic @passive dmg:magic · мета: offer_tag @shop_pool,да,да,Каждые 3с: наложить урон от усталости. При дебаффе: 25% шанс наложить тот же дебафф. Когда здоровье падает ниже 50%: предметы срабатывают на 140% быстрее на 8с (один раз). Плюшевые игрушки появляются в магазине.,,,periodic @passive dmg:magic,offer_tag @shop_pool,,,,,,,,3,0,0
Расширение (legacy),mrs_struggles,Миссис Страглз,😤,legendary,7,1×1,pet,бой (рюкзак),periodic @passive | cooldownMultPerTag @passive,да,—,Каждые 4.7с: снять по 1 стаку каждого типа у противника. На 10% быстрее за тёмный предмет.,,,periodic @passive | cooldownMultPerTag @passive,,,,,,,,,4.7,0,0
Расширение (legacy),offering_bowl,Чаша подношений,🥣,unique,8,контейнер 4 сл.,"bag, accessory, ranged",контейнер,+4 слотов рюкзака,нет,слоты,В начале боя: +1 удача. Контейнер: переработка в магазине.,"Билд: Ranger дальний бой · Пары: Lucky Clover, Acorn Collar, Fortuna-ветка",не активируется в бою,,,,,,,,,,0,,
Расширение (legacy),paradise_birb,Райская птичка,🦜,godly,20,1×1,"pet, holy",бой (рюкзак),periodic @passive 7% | procChanceBonus @passive =0.07 | statMult @passive =0.07 stat:heal | cooldownMultPerTag @passive,да,—,"Каждые 2.7с: 7% шанс +1 усиление, +7% лечения и скорости (до ×10).",,,periodic @passive 7% | procChanceBonus @passive =0.07 | statMult @passive =0.07 stat:heal | cooldownMultPerTag @passive,,,,,,,,,2.7,0,0
Расширение (legacy),pop,Поп,💥,unique,6,1×1,accessory,бой (рюкзак),periodic @passive | cooldownMultPerSocket @passive,да,—,Каждые 8с: +3 яда. Атаки на 3% быстрее за каждый заполненный сокет (до 60%).,,,periodic @passive | cooldownMultPerSocket @passive,,,,,,,,,8,0,4
Расширение (legacy),potion_belt,Пояс зелий,🧷,legendary,5,контейнер 4 сл.,"bag, accessory",контейнер,+4 слотов рюкзака,нет,слоты,+8% к прокам. После 4 зелий: снять 10 дебаффов.,Универсальный / автономный,не активируется в бою,,,,,,,,,,0,,
Расширение (legacy),prismatic_orb,Призматическая сфера,🔮,godly,14,1×1,"accessory, magic, holy",бой (рюкзак),heal =2 | statMult @passive =0.12 stat:magicDamage | tagScaledStack @battle_start stack:mana | tagScaledStack @battle_start stack:mana | statMult @passive =0.04 stat:heal | periodic @passive · синергии: strong → gem (cooldownReduction:0.08),да,да,В начале боя: мана за магию/огонь. Каждые 8с: +1 ко всем стакам.,,,heal =2 | statMult @passive =0.12 stat:magicDamage | tagScaledStack @battle_start stack:mana | tagScaledStack @battle_start stack:mana | statMult @passive =0.04 stat:heal | periodic @passive,,strong → gem (cooldownReduction:0.08),,,,,,,8,0,0
Расширение (legacy),prismatic_sword,Призматический меч,🗡️🌈,godly,15,4 кл.,"weapon, melee, magic, fire, cold",бой (рюкзак),damage =11 [8…14] dmg:magic | lifestealPerTag @passive =0.15 | cooldownMultPerTag @passive | gainStack @on_hit =1 12% stack:mana · синергии: strong → gem (damageBonus:1) | strong → armor (blockBonus:1) | strong → poison (poisonBonus:1) | strong → gem (cooldownReduction:0.08),да,да,+15% вампиризм за холод. +8% скорости за огонь. 12% +1 мана при попадании.,,,damage =11 [8…14] dmg:magic | lifestealPerTag @passive =0.15 | cooldownMultPerTag @passive | gainStack @on_hit =1 12% stack:mana,,strong → gem (damageBonus:1) | strong → armor (blockBonus:1) | strong → poison (poisonBonus:1) | strong → gem (cooldownReduction:0.08),,,,,,,1.8,1.5,2
Расширение (legacy),relic_case,Футляр реликвии,📿👜,unique,12,контейнер 4 сл.,bag,контейнер,+4 слотов рюкзака,нет,слоты,Каждые 2.5с: оружие внутри +1 урона.,Универсальный / автономный,не активируется в бою,,,,,,,,,,0,,
Расширение (legacy),repeater,Повторитель,🔁,unique,8,1×1,accessory,бой (рюкзак),repeatCast @passive | periodic @passive,да,—,Через 12с: повторить эффекты начала боя предметов.,,,repeatCast @passive | periodic @passive,,,,,,,,,12,0,0
Расширение (legacy),ring_of_power,Кольцо силы,💍,uncommon,5,2 кл.,"accessory, ring",бой (рюкзак),statMult @passive =0.15 stat:damage,да,—,×0.15 к damage.,,,statMult @passive =0.15 stat:damage,,,,,,,,,0,0,0
Расширение (legacy),ruby_egg,Рубиновое яйцо,🥚💎,legendary,10,1×1,pet,бой (рюкзак),statMult @passive =0.08 stat:damage | gainStack @battle_start =4 stack:spikes,да,—,В начале боя: Получить 4 стака Отражает 3 дебаффов стака Вылупляется после 2 раундов в ваш рюкзака.,,,statMult @passive =0.08 stat:damage | gainStack @battle_start =4 stack:spikes,,,,,,,,,0,0,0
Расширение (legacy),rune_of_magic,Руна магии,✨,rare,7,2 кл.,"magic, gem",бой (рюкзак),statMult @passive =0.35 stat:magicDamage | damage =4 [1…4] dmg:magic · синергии: strong → gem (cooldownReduction:0.08),да,да,×0.35 к magicDamage. Магический удар 1–4 урона.,,,statMult @passive =0.35 stat:magicDamage | damage =4 [1…4] dmg:magic,,strong → gem (cooldownReduction:0.08),,,,,,,3,0,0
Расширение (legacy),rune_of_protection,Руна защиты,🔷,rare,7,2 кл.,"magic, utility",бой (рюкзак),shieldBlockMult @passive =0.38 | block =6 · синергии: strong → gem (cooldownReduction:0.08),да,да,×0.38 эффективность блока. Блок 6.,,,shieldBlockMult @passive =0.38 | block =6,,strong → gem (cooldownReduction:0.08),,,,,,,3.5,0,0
Расширение (legacy),shadow_blade,Клинок тени,🌑,legendary,15,2 кл.,"weapon, poison, melee",бой (рюкзак),damage =13 [8…13] | crit @passive 25% · синергии: strong → armor (blockBonus:1) | strong → poison (poisonBonus:1),да,да,Удар 8–13 урона. +?% крита.,,,damage =13 [8…13] | crit @passive 25%,,strong → armor (blockBonus:1) | strong → poison (poisonBonus:1),,,,,,,2,15,0
Расширение (legacy),shield_of_valor,Щит доблести,🛡️⭐,legendary,11,2 кл.,"shield, armor, craft, holy",бой (рюкзак),passiveDefense @passive =2 | shieldBlockMult @passive =0.3 | onDefend @passive 30%,да,—,"Блок +30%. При блоке (30%): −14 урона, −0.7 выносливости.",,,passiveDefense @passive =2 | shieldBlockMult @passive =0.3 | onDefend @passive 30%,,,,,,,,,0,0,2
Расширение (legacy),snowmaster,Повелитель снега,❄️,legendary,9,1×1,"accessory, cold",бой (рюкзак),slow =0.12 | periodic @passive | cooldownMultPerTag @passive,да,—,"Каждые 1.3с: холод (или себе, если у него <10). Снять 1 дебафф. Быстрее за холод.",,,slow =0.12 | periodic @passive | cooldownMultPerTag @passive,,,,,,,,,1.3,0,0
Расширение (legacy),speed_amulet,Амулет скорости,⚡,uncommon,5,1×1,"accessory, amulet, gem",бой (рюкзак),statMult @passive =-0.12 stat:cooldown,да,—,×-0.12 к cooldown.,,,statMult @passive =-0.12 stat:cooldown,,,,,,,,,0,0,0
Расширение (legacy),spider_web,Паутина,🕸️,uncommon,5,2 кл.,"nature, debuff, utility",бой (рюкзак),slow =0.1,да,—,Замедление 10%.,,,slow =0.1,,,,,,,,,4,0,0
Расширение (legacy),stable_recombobulator,Стабильный перекомбобулятор,⚗️,unique,6,1×1,accessory,бой (рюкзак),statMult @passive =0.1 stat:damage | periodic @passive · мета: consume_recombo @shop_enter,да,да,При входе в магазин: Использовать предметы. Создать другого предметы по на суммарная стоимость. Каждые 2.5с: Получить 1 случайный бафф и снять 1 дебафф стака,,,statMult @passive =0.1 stat:damage | periodic @passive,consume_recombo @shop_enter,,,,,,,,2.5,0,0
Расширение (legacy),stamina_sack,Мешок выносливости,🎒,epic,5,контейнер 3 сл.,"bag, stamina",контейнер,+3 слотов рюкзака,нет,слоты,+3 слота рюкзака. +1 макс. выносливости.,Билд: много оружия / высокая ⚡-стоимость · Пары: Heroic Potion,не активируется в бою,,,,,,,,,,0,,
Расширение (legacy),stone_golem,Каменный голем,🗿🦺,godly,16,4 кл.,armor,бой (рюкзак),passiveDefense @passive =4 | slow =0.18 | gainStack @on_hit =1 stack:block | applyStun @on_hit 30%,да,—,"При попадании: +1 блок, 30% шанс оглушить на 0.5с.",,,passiveDefense @passive =4 | slow =0.18 | gainStack @on_hit =1 stack:block | applyStun @on_hit 30%,,,,,,,,,3,0,1
Расширение (legacy),storage_chest,Сундук,📦,rare,7,контейнер 4 сл.,bag,контейнер,+4 слотов рюкзака,нет,слоты,+4 слотов рюкзака.,,не активируется в бою,,,,,,,,,,0,,
Расширение (legacy),tim,Тим,🐢,unique,10,1×1,pet,бой (рюкзак),statMult @passive =0.05 stat:damage | stealRandomStack @on_hit =1 50% | foeHpThreshold @passive,да,—,При попадании: 50% украсть стак. Противник <30% HP: +50 HP и +5 к сильнейшему стаку.,,,statMult @passive =0.05 stat:damage | stealRandomStack @on_hit =1 50% | foeHpThreshold @passive,,,,,,,,,0,0,0
Расширение (legacy),time_dilator,Замедлитель времени,⏳,unique,8,1×1,accessory,бой (рюкзак),slow =0.12 | statMult @passive =-0.08 stat:cooldown | slow =0.12 | statMult @passive =0.3 stat:cooldown | periodic @passive,да,—,Предметы на 30% медленнее. Каждую 1с: самый долгий кулдаун −6%.,,,slow =0.12 | statMult @passive =-0.08 stat:cooldown | slow =0.12 | statMult @passive =0.3 stat:cooldown | periodic @passive,,,,,,,,,1,0,0
Расширение (legacy),unsettling_presence,Тревожное присутствие,👁️,unique,10,1×1,accessory,бой (рюкзак),slow =0.08 | healAsDamageMult @passive =0.3 | periodic @passive,да,—,+30% лечения как маг. урон. Каждые 3с: −1 стак и +12 HP.,,,slow =0.08 | healAsDamageMult @passive =0.3 | periodic @passive,,,,,,,,,3,0,0
Расширение (legacy),unstable_recombobulator,Нестабильный перекомбобулятор,🎰,epic,6,2 кл.,accessory,бой (рюкзак),passiveLuck @passive =12 | buffTimed =0.15 stat:damage | periodic @passive · мета: consume_recombo @shop_enter,да,да,При входе в магазин: Использовать этот предмет и предметы. Создать другого предметы по на суммарная стоимость. Каждые 4с: Получить 1 случайный бафф и снять 1 дебафф удачи,,,passiveLuck @passive =12 | buffTimed =0.15 stat:damage | periodic @passive,consume_recombo @shop_enter,,,,,,,,4,0,0
Расширение (legacy),utility_pouch,Утилитарный мешочек,👝⚔️,unique,18,контейнер 8 сл.,bag,контейнер,+8 слотов рюкзака,нет,слоты,"Оружие внутри: +30% урона, −30% скорости. +35% вампиризм.",Универсальный / автономный,не активируется в бою,,,,,,,,,,0,,
Расширение (legacy),walrus_tusk,Клык моржа,🦷,common,4,1×1,"accessory, spikes, nature",бой (рюкзак),statMult @passive =0.08 stat:damage | passiveDefense @passive =1 | gainStack @battle_start =1 stack:spikes,да,—,"В начале боя: получить 1 шип. +8% урона, +1 защиты.",,,statMult @passive =0.08 stat:damage | passiveDefense @passive =1 | gainStack @battle_start =1 stack:spikes,,,,,,,,,0,0,0
Расширение (legacy),war_hammer,Боевой молот,🔨,legendary,12,3 кл.,"weapon, melee",бой (рюкзак),damage =25 [20…25] | shieldBreakBonus @passive =0.5 · синергии: strong → armor (blockBonus:1) | strong → poison (poisonBonus:1),да,да,Удар 20–25 урона. shieldBreakBonus 0.5.,,,damage =25 [20…25] | shieldBreakBonus @passive =0.5,,strong → armor (blockBonus:1) | strong → poison (poisonBonus:1),,,,,,,4.5,26,0
Расширение (legacy),whetstone,Точильный камень,🪨,common,4,1×1,"accessory, craft, utility",бой (рюкзак),synergyHint @passive =1 | weaponDamageStart @battle_start =1 · синергии: strong → weapon (damageBonus:1),да,да,В начале боя: оружие +1 урона.,,,synergyHint @passive =1 | weaponDamageStart @battle_start =1,,strong → weapon (damageBonus:1),,,,,,,0,0,0
Расширение (legacy),wolpertinger,Вольпертингер,🐰,godly,12,1×1,"pet, luck",бой (рюкзак),heal =2 | periodic @passive | staminaRegenPerStack @passive =0.007 | cooldownMultPerTag @passive,да,—,Каждые 5с: +3 к слабейшим стакам. +0.7% реген выносливости за стак.,,,heal =2 | periodic @passive | staminaRegenPerStack @passive =0.007 | cooldownMultPerTag @passive,,,,,,,,,5,0,0
Расширение (legacy),wonky_snowman,Кривой снеговик,⛄,epic,8,1×1,"accessory, cold",бой (рюкзак),slow =0.12 | buffTimed =0.1 stat:damage | slow @on_hit =0.12 50%,да,—,50% замедление при попадании.,,,slow =0.12 | buffTimed =0.1 stat:damage | slow @on_hit =0.12 50%,,,,,,,,,3,0,0
Расширение (legacy),crossblades,Скрещённые клинки,⚔️,epic,0,3 кл.,"weapon, melee",бой (рюкзак),damage =15 [12…18] · синергии: strong → armor (blockBonus:1) | strong → poison (poisonBonus:1),да,да,Удар 12–18 урона.,,,damage =15 [12…18],,strong → armor (blockBonus:1) | strong → poison (poisonBonus:1),,,,,,,2.6,19,0
Расширение (legacy),eggscalibur,Яйце-экскалибур,🥚,legendary,0,3 кл.,"weapon, melee",бой (рюкзак),damage =18 [14…22] · синергии: strong → armor (blockBonus:1) | strong → poison (poisonBonus:1),да,да,Удар 14–22 урона.,,,damage =18 [14…22],,strong → armor (blockBonus:1) | strong → poison (poisonBonus:1),,,,,,,3,23,0
Расширение (legacy),enchanted_staff,Магический посох,🪄,uncommon,0,2 кл.,"weapon, magic, melee",бой (рюкзак),damage =5 [2…5] dmg:magic · синергии: strong → armor (blockBonus:1) | strong → poison (poisonBonus:1) | strong → gem (cooldownReduction:0.08),да,да,Магический удар 2–5 урона.,,,damage =5 [2…5] dmg:magic,,strong → armor (blockBonus:1) | strong → poison (poisonBonus:1) | strong → gem (cooldownReduction:0.08),,,,,,,2.2,11,0
Расширение (legacy),falcon_blade,Соколиный клинок,🦅,rare,0,2 кл.,"weapon, melee",бой (рюкзак),damage =8 [6…10] · синергии: strong → armor (blockBonus:1) | strong → poison (poisonBonus:1),да,да,Удар 6–10 урона.,,,damage =8 [6…10],,strong → armor (blockBonus:1) | strong → poison (poisonBonus:1),,,,,,,1.4,12,0
Расширение (legacy),hero_long_sword,Геройский длинный меч,🗡️,rare,0,3 кл.,"weapon, melee",бой (рюкзак),damage =11 [8…14] · синергии: strong → armor (blockBonus:1) | strong → poison (poisonBonus:1),да,да,Удар 8–14 урона.,,,damage =11 [8…14],,strong → armor (blockBonus:1) | strong → poison (poisonBonus:1),,,,,,,2.8,15,0
Расширение (legacy),hero_sword,Геройский меч,⚔️,uncommon,0,2 кл.,"weapon, melee",бой (рюкзак),damage =6 [4…8] · синергии: strong → armor (blockBonus:1) | strong → poison (poisonBonus:1),да,да,Удар 4–8 урона.,,,damage =6 [4…8],,strong → armor (blockBonus:1) | strong → poison (poisonBonus:1),,,,,,,2.4,12,0
Расширение (legacy),manathirst,Жаждущий маны,🩸,rare,0,2 кл.,"weapon, magic, melee",бой (рюкзак),damage =6 [2…6] dmg:magic | lifesteal @passive =0.15 · синергии: strong → armor (blockBonus:1) | strong → poison (poisonBonus:1) | strong → gem (cooldownReduction:0.08),да,да,Магический удар 2–6 урона. Вампиризм 15%.,,,damage =6 [2…6] dmg:magic | lifesteal @passive =0.15,,strong → armor (blockBonus:1) | strong → poison (poisonBonus:1) | strong → gem (cooldownReduction:0.08),,,,,,,2.2,11,0
Расширение (legacy),spectral_dagger,Призрачный кинжал,👻,uncommon,0,1×1,"weapon, magic, melee",бой (рюкзак),damage =5 [2…5] dmg:magic | spendStack @on_hit =1 stack:mana | extraAttackOnStun @passive · синергии: strong → armor (blockBonus:1) | strong → poison (poisonBonus:1) | strong → gem (cooldownReduction:0.08),да,да,Магический удар 2–5 урона. Тратит стак «mana» (при попадании). Доп. атака по оглушённому.,,,damage =5 [2…5] dmg:magic | spendStack @on_hit =1 stack:mana | extraAttackOnStun @passive,,strong → armor (blockBonus:1) | strong → poison (poisonBonus:1) | strong → gem (cooldownReduction:0.08),,,,,,,1.6,8,0
Расширение (legacy),the_fool,Шут,🃏🤡,epic,1,2 кл.,"card, craft",бой (рюкзак),buffTimed =0.25 stat:damage | buffTimed =0.3 stat:damage | passiveLuck @passive =10 | gainStack @battle_start =1 stack:luck,да,—,В начале боя: +1 удача.,,,buffTimed =0.25 stat:damage | buffTimed =0.3 stat:damage | passiveLuck @passive =10 | gainStack @battle_start =1 stack:luck,,,,,,,,,3,0,0
Расширение (legacy),burning_coal,Горящий уголь,🔥,rare,2,1×1,"accessory, fire, craft",бой (рюкзак),statMult @passive =0.08 stat:damage | gainStack @battle_start =12 stack:heat | bonusDamageOnHit @on_hit =6 12% | periodic @passive,да,—,"12% +6 урона и +1 жар. В начале боя: +12 жара. Каждые 5с: +2 жара, снять 3 дебаффа.",,,statMult @passive =0.08 stat:damage | gainStack @battle_start =12 stack:heat | bonusDamageOnHit @on_hit =6 12% | periodic @passive,,,,,,,,,5,0,0
Расширение (legacy),flawed_amethyst,Дефектный аметист,◆💜,rare,2,1×1,"gem, magic, craft",бой (рюкзак),statMult @passive =0.1 stat:magicDamage · синергии: strong → gem (cooldownReduction:0.08),да,да,Дефектный аметист: Сокет оружия: Шанс снять баффы на попадание. Сокет аксессуара: +маны. Сокет брони: +магия сопротивление.,,,statMult @passive =0.1 stat:magicDamage,,strong → gem (cooldownReduction:0.08),,,,,,,0,0,0
Расширение (legacy),flawed_emerald,Дефектный изумруд,◆💚,rare,2,1×1,"gem, poison, craft",бой (рюкзак),heal =3 | passiveMaxHp @passive =5,да,—,Дефектный изумруд: Сокет оружия: Лечение на попадание. Сокет аксессуара: +макс. ОЗ. Сокет брони: +реген.,,,heal =3 | passiveMaxHp @passive =5,,,,,,,,,3,0,0
Расширение (legacy),flawed_ruby,Дефектный рубин,◆❤️,rare,2,1×1,"gem, fire, craft",бой (рюкзак),groundFire =2 | statMult @passive =0.06 stat:damage,да,—,Дефектный рубин: Сокет оружия: Шанс получить Жар на попадание. Сокет аксессуара: +урон. Сокет брони: Сопротивление Холоду.,,,groundFire =2 | statMult @passive =0.06 stat:damage,,,,,,,,,0,0,0
Расширение (legacy),flawed_sapphire,Дефектный сапфир,◆💙,rare,2,1×1,"gem, cold, craft",бой (рюкзак),slow =0.1 | statMult @passive =-0.05 stat:cooldown,да,—,Дефектный сапфир: Сокет оружия: Шанс наложить Холод на попадание. Сокет аксессуара: +удача. Сокет брони: +блок.,,,slow =0.1 | statMult @passive =-0.05 stat:cooldown,,,,,,,,,3,0,0
Расширение (legacy),flawed_topaz,Дефектный топаз,◆💛,rare,2,1×1,"gem, luck, craft",бой (рюкзак),statMult @passive =-0.08 stat:cooldown,да,—,Дефектный топаз: Сокет оружия: Быстрее атаки. Сокет аксессуара: Предметы срабатывает быстрее. Сокет брони: +выносливости реген.,,,statMult @passive =-0.08 stat:cooldown,,,,,,,,,0,0,0
Расширение (legacy),lucky_clover,Счастливый клевер,🍀,rare,2,1×1,"accessory, luck, ranger, nature",бой (рюкзак),statMult @passive =0.08 stat:damage | gainStack @battle_start =1 stack:luck · синергии: strong → weapon+pet+food+potion+gem+magic+armor+shield+accessory (damageBonus:1),да,да,В начале боя: +1 удача.,,,statMult @passive =0.08 stat:damage | gainStack @battle_start =1 stack:luck,,strong → weapon+pet+food+potion+gem+magic+armor+shield+accessory (damageBonus:1),,,,,,,0,0,0
Расширение (legacy),ace_of_spades,Туз пик,🃏♠️,rare,3,1×1,"card, craft",бой (рюкзак),buffTimed =0.25 stat:damage | buffTimed @on_hit =0.15 50% stat:damage,да,—,При попадании: 50% +15% урона на 4с.,,,buffTimed =0.25 stat:damage | buffTimed @on_hit =0.15 50% stat:damage,,,,,,,,,3,0,0
Расширение (legacy),carrot,Морковь,🥕,rare,3,1×1,"food, luck, nature, craft",бой (рюкзак),heal =3 | periodic @passive 55%,да,—,Каждые 2.7с: снять 1 дебафф. 55% +1 удача.,,,heal =3 | periodic @passive 55%,,,,,,,,,2.7,0,0
Расширение (legacy),forging_hammer,Кузнечный молот,🔨,unique,3,1×1,"accessory, melee, craft",бой (рюкзак),damage =3 [2…5] | statMult @passive =0.05 stat:damage | damagePerTotalStacks @passive =1,да,—,+1 урона за каждый стак.,,,damage =3 [2…5] | statMult @passive =0.05 stat:damage | damagePerTotalStacks @passive =1,,,,,,,,,2,0,1
Расширение (legacy),reverse,Реверс!,🃏🔄,rare,3,1×1,"card, craft",бой (рюкзак),buffTimed =0.25 stat:damage | gainStack @battle_start =2 stack:empower,да,—,В начале боя: +2 усиления.,,,buffTimed =0.25 stat:damage | gainStack @battle_start =2 stack:empower,,,,,,,,,3,0,0
Расширение (legacy),the_lovers,Влюблённые,🃏💕,common,3,1×1,"card, craft",бой (рюкзак),heal =4 | buffTimed =0.25 stat:damage | heal @battle_start =3,да,—,В начале боя: +3 HP.,,,heal =4 | buffTimed =0.25 stat:damage | heal @battle_start =3,,,,,,,,,3,0,0
Расширение (legacy),dragon_claws,Драконьи когти,🐉🐾,epic,4,1×1,"gloves, accessory, melee, pet, craft",бой (рюкзак),passiveDefense @passive =3 | statMult @passive =-0.15 stat:cooldown | procChanceBonus @passive =0.1 | battleRageLowHp @passive,да,—,+10% к прокам. Боевая ярость: предметы на 40% быстрее.,,,passiveDefense @passive =3 | statMult @passive =-0.15 stat:cooldown | procChanceBonus @passive =0.1 | battleRageLowHp @passive,,,,,,,,,0,0,0
Расширение (legacy),jimbo,Джимбо,🃏🤠,godly,4,3 кл.,"card, craft",бой (рюкзак),passiveLuck @passive =20 | heal =5 | gainWeakestStack @battle_start =1 | procChanceBonus @passive =0.1 | passiveDefense @passive =2,да,—,При открытии: +7 случайных стаков. +10% к прокам.,,,passiveLuck @passive =20 | heal =5 | gainWeakestStack @battle_start =1 | procChanceBonus @passive =0.1 | passiveDefense @passive =2,,,,,,,,,3,0,0
Расширение (legacy),rat,Крыса,🐀,common,4,1×1,"pet, craft",бой (рюкзак),periodic @passive 75% dmg:magic | cooldownMultPerTag @passive,да,—,Каждые 3.3с: 5 маг. урона и 75% +1 яд.,,,periodic @passive 75% dmg:magic | cooldownMultPerTag @passive,,,,,,,,,3.3,0,0
Расширение (legacy),regular_amethyst,Обычный аметист,💎💜,epic,4,1×1,"gem, magic, craft",бой (рюкзак),statMult @passive =0.1 stat:magicDamage · синергии: strong → gem (cooldownReduction:0.08),да,да,Обычный аметист: Сокет оружия: Шанс снять баффы на попадание. Сокет аксессуара: +маны. Сокет брони: +магия сопротивление.,,,statMult @passive =0.1 stat:magicDamage,,strong → gem (cooldownReduction:0.08),,,,,,,0,0,0
Расширение (legacy),regular_emerald,Обычный изумруд,💎💚,epic,4,1×1,"gem, poison, craft",бой (рюкзак),heal =3 | passiveMaxHp @passive =5,да,—,Обычный изумруд: Сокет оружия: Лечение на попадание. Сокет аксессуара: +макс. ОЗ. Сокет брони: +реген.,,,heal =3 | passiveMaxHp @passive =5,,,,,,,,,3,0,0
Расширение (legacy),regular_ruby,Обычный рубин,💎❤️,epic,4,1×1,"gem, fire, craft",бой (рюкзак),groundFire =2 | statMult @passive =0.06 stat:damage,да,—,Обычный рубин: Сокет оружия: Шанс получить Жар на попадание. Сокет аксессуара: +урон. Сокет брони: Сопротивление Холоду.,,,groundFire =2 | statMult @passive =0.06 stat:damage,,,,,,,,,0,0,1
Расширение (legacy),regular_sapphire,Обычный сапфир,💎💙,epic,4,1×1,"gem, cold, craft",бой (рюкзак),slow =0.1 | statMult @passive =-0.05 stat:cooldown,да,—,Обычный сапфир: Сокет оружия: Шанс наложить Холод на попадание. Сокет аксессуара: +удача. Сокет брони: +блок.,,,slow =0.1 | statMult @passive =-0.05 stat:cooldown,,,,,,,,,3,0,0
Расширение (legacy),regular_topaz,Обычный топаз,💎💛,epic,4,1×1,"gem, luck, craft",бой (рюкзак),statMult @passive =-0.08 stat:cooldown,да,—,Обычный топаз: Сокет оружия: Быстрее атаки. Сокет аксессуара: Предметы срабатывает быстрее. Сокет брони: +выносливости реген.,,,statMult @passive =-0.08 stat:cooldown,,,,,,,,,0,0,0
Расширение (legacy),shortbow,Короткий лук,🏹,common,4,2 кл.,"weapon, ranged, craft",бой (рюкзак),damage =2 [2…3] | onHitCapBonus @on_hit =1 · синергии: strong → armor (blockBonus:1) | strong → poison (poisonBonus:1),да,да,При попадании: +1 урона (до 3).,,,damage =2 [2…3] | onHitCapBonus @on_hit =1,,strong → armor (blockBonus:1) | strong → poison (poisonBonus:1),,,,,,,1.8,1,1
Расширение (legacy),spell_scroll_frostbolt,Свиток заклинания: Ледяная стрела,📜❄️,rare,4,1×1,"accessory, cold, craft",бой (рюкзак),slow =0.12 | periodic @passive dmg:magic | periodic @passive dmg:magic | activationLimit @passive,да,—,Каждые 3с: 5 маг. урона. До 3+ использований за холод.,,,slow =0.12 | periodic @passive dmg:magic | periodic @passive dmg:magic | activationLimit @passive,,,,,,,,,3,0,0
Расширение (legacy),burning_torch,Пылающий факел,🔥,epic,5,1×1,"accessory, fire, craft",бой (рюкзак),statMult @passive =0.08 stat:damage | gainStack @battle_start =2 stack:heat | gainStack @on_hit =1 30% stack:empower,да,—,В начале боя: +2 жара. При попадании: 30% +1 усиление.,,,statMult @passive =0.08 stat:damage | gainStack @battle_start =2 stack:heat | gainStack @on_hit =1 30% stack:empower,,,,,,,,,2,0,1
Расширение (legacy),chili_pepper,Перец чили,🌶️,rare,5,1×1,"food, fire, craft",бой (рюкзак),periodic @passive | stackThreshold @passive stack:heat,да,—,Каждые 4.5с: +1 жар и +5 HP. При 10 жара: снять 1 дебафф.,,,periodic @passive | stackThreshold @passive stack:heat,,,,,,,,,4.5,0,0
Расширение (legacy),darkest_lotus,Тёмнейший лотос,🪷🌑,godly,5,1×1,"card, poison, dark, craft",бой (рюкзак),buffTimed =0.25 stat:damage | cardScaledBonus @battle_start stack:empower | gainStack @battle_start =4 stack:empower | stealRandomStack @battle_start =3,да,—,При открытии: +4 усиления (+4/карта). Украсть 3 стака.,,,buffTimed =0.25 stat:damage | cardScaledBonus @battle_start stack:empower | gainStack @battle_start =4 stack:empower | stealRandomStack @battle_start =3,,,,,,,,,3,0,0
Расширение (legacy),flame_badge,Огненный значок,🔥,unique,5,1×1,"accessory, fire, craft",бой (рюкзак),statMult @passive =0.08 stat:damage | groundFire @passive =6 | procChanceBonus @passive =0.05 · мета: offer_tag @shop_pool | generate_flame @shop_enter 65%,да,да,Магазин: предметы пироманта. +5% к прокам.,,,statMult @passive =0.08 stat:damage | groundFire @passive =6 | procChanceBonus @passive =0.05,offer_tag @shop_pool | generate_flame @shop_enter 65%,,,,,,,,0,0,0
Расширение (legacy),holo_fire_lizard,Голографическая огненная ящерица,🃏🦎,legendary,5,1×1,"card, fire, pet, craft",бой (рюкзак),buffTimed =0.25 stat:damage | groundFire =2 | statMult @passive =0.08 stat:damage | statMult @battle_start =0.08 stat:magicDamage | cardScaledDamage @battle_start dmg:magic | gainStack @battle_start =4 stack:heat,да,—,"При открытии: +8% маг. урона, 12 (+4/карта) маг. урона, +4 жара.",,,buffTimed =0.25 stat:damage | groundFire =2 | statMult @passive =0.08 stat:damage | statMult @battle_start =0.08 stat:magicDamage | cardScaledDamage @battle_start dmg:magic | gainStack @battle_start =4 stack:heat,,,,,,,,,3,0,0
Расширение (legacy),leaf_badge,Листовой значок,🍃,unique,5,1×1,"accessory, craft, nature",бой (рюкзак),heal =2 | periodic @passive · мета: offer_tag @shop_pool · синергии: strong → food+potion+weapon+pet (healBonus:2),да,да,Рейнджер предметы появляется в магазине. Предметы получить 2% критический удар шанс на каждый стака Каждые 2.2с: Получить 1 стак,,,heal =2 | periodic @passive,offer_tag @shop_pool,strong → food+potion+weapon+pet (healBonus:2),,,,,,,2.2,0,0
Расширение (legacy),magic_badge,Магический значок,✨,unique,5,1×1,"accessory, craft",бой (рюкзак),statMult @passive =0.08 stat:damage | statMult @passive =0.25 stat:magicDamage | gainStack @battle_start =5 stack:mana | procChanceBonus @passive =0.3 · мета: offer_class @shop_pool,да,да,В начале боя: +5 маны. +30% к дублированию баффов.,,,statMult @passive =0.08 stat:damage | statMult @passive =0.25 stat:magicDamage | gainStack @battle_start =5 stack:mana | procChanceBonus @passive =0.3,offer_class @shop_pool,,,,,,,,0,0,0
Расширение (legacy),puzzle_badge,Значок головоломки,🧩,unique,5,1×1,"accessory, luck, craft",бой (рюкзак),statMult @passive =0.2 stat:cooldown | periodic @passive · мета: restock_bag @shop_buy 35%,да,да,Предмет срабатывает на 20% медленнее. Через 5с: срабатывает на 50% быстрее вместо этого. При покупке сумки: 35% шанс пополнить сумкой-головоломкой.,,,statMult @passive =0.2 stat:cooldown | periodic @passive,restock_bag @shop_buy 35%,,,,,,,,5,0,0
Расширение (legacy),rainbow_badge,Радужный значок,🌈,unique,5,1×1,"accessory, ranged, craft",бой (рюкзак),periodic @passive · мета: offer_class @shop_pool,да,да,Предметы всех классов появляются в магазине. Через 7с: получить по 1 баффу каждого типа.,,,periodic @passive,offer_class @shop_pool,,,,,,,,7,0,0
Расширение (legacy),shell_totem,Тотем раковины,🗿,rare,5,1×1,"accessory, craft, holy",бой (рюкзак),periodic @passive | cooldownMultPerTag @passive · синергии: strong → weapon+pet+food+potion+gem+magic+armor+shield+accessory (blockBonus:1),да,да,"Каждые 3.4с: +8 HP при HP <70%, иначе +1 усиление. Быстрее за святой предмет.",,,periodic @passive | cooldownMultPerTag @passive,,strong → weapon+pet+food+potion+gem+magic+armor+shield+accessory (blockBonus:1),,,,,,,3.4,0,0
Расширение (legacy),sir_sand,Сэр Песок,🏖️,epic,5,1×1,"accessory, debuff, melee, craft",бой (рюкзак),statMult @passive =0.08 stat:damage | timedDamageReduction @battle_start =0.25 | poison @battle_start =3,да,—,В начале боя: оба игрока −25% урона на 7с и +3 яда.,,,statMult @passive =0.08 stat:damage | timedDamageReduction @battle_start =0.25 | poison @battle_start =3,,,,,,,,,0,0,0
Расширение (legacy),skull_badge,Черепной значок,💀,unique,5,1×1,"accessory, poison, craft",бой (рюкзак),poison =1 | periodic @passive · мета: offer_tag @shop_pool,да,да,Жнец предметы появляется в магазине. Каждые 1.5с: Наложить случайный дебафф стака яда,,,poison =1 | periodic @passive,offer_tag @shop_pool,,,,,,,,1.5,0,0
Расширение (legacy),squirrel,Белка,🐿️,rare,5,1×1,"pet, craft",бой (рюкзак),periodic @passive | cooldownMultPerTag @passive,да,—,Каждые 4с: украсть 1 урона у оружия противника. Быстрее на 15% за питомца/еду.,,,periodic @passive | cooldownMultPerTag @passive,,,,,,,,,4,0,0
Расширение (legacy),stone_badge,Каменный значок,🪨,unique,5,1×1,"accessory, craft",бой (рюкзак),heal =2 | periodic @passive · мета: exclude_player_class @shop_pool | generate_worth @shop_enter =1 · синергии: strong → weapon+pet+food+potion+gem+magic+armor+shield+accessory (blockBonus:1),да,да,Стартовые предметы класса больше не появляются в магазине (даже в хранилище). При входе в магазин: сгенерировать предметы стоимостью 1. Каждые 3с: получить 4.,,,heal =2 | periodic @passive,exclude_player_class @shop_pool | generate_worth @shop_enter =1,strong → weapon+pet+food+potion+gem+magic+armor+shield+accessory (blockBonus:1),,,,,,,3,0,0
Расширение (legacy),torch,Факел,🔦,rare,5,1×1,"accessory, fire, melee, craft",бой (рюкзак),gainStack @on_hit =1 25% stack:empower,да,—,При попадании: 25% +1 усиление.,,,gainStack @on_hit =1 25% stack:empower,,,,,,,,,2,0,1
Расширение (legacy),twine_badge,Верёвочный значок,🧵,unique,5,1×1,"accessory, craft",бой (рюкзак),procChanceBonus @passive =0.05 · мета: offer_tag @shop_pool | restock_tag @shop_buy 40% · синергии: strong → weapon+pet+potion+food (cooldownReduction:0.15),да,да,Магазин: предметы авантюриста. +5% к прокам.,,,procChanceBonus @passive =0.05,offer_tag @shop_pool | restock_tag @shop_buy 40%,strong → weapon+pet+potion+food (cooldownReduction:0.15),,,,,,,0,0,0
Расширение (legacy),white_eyes_blue_dragon,Синий глазами белый дракон,🃏🐉,epic,5,2 кл.,"card, pet, craft",бой (рюкзак),buffTimed =0.25 stat:damage | groundFire =4 | statMult @passive =0.15 stat:damage | gainStack @battle_start =12 stack:luck | cardScaledBonus @battle_start stack:luck | gainStack @battle_start =3 stack:cold,да,—,При открытии: +12 удачи (+5 за карту). +3 холода противнику.,,,buffTimed =0.25 stat:damage | groundFire =4 | statMult @passive =0.15 stat:damage | gainStack @battle_start =12 stack:luck | cardScaledBonus @battle_start stack:luck | gainStack @battle_start =3 stack:cold,,,,,,,,,3,0,0
Расширение (legacy),wolf_badge,Волчий значок,🐺,unique,5,1×1,"accessory, craft",бой (рюкзак),battleRageLowHp @passive | hpThreshold @passive | battleRageLowHp @passive · мета: offer_tag @shop_pool · синергии: strong → weapon (damageBonus:1),да,да,При HP <50%: боевая ярость на 5с (раз).,,,battleRageLowHp @passive | hpThreshold @passive | battleRageLowHp @passive,offer_tag @shop_pool,strong → weapon (damageBonus:1),,,,,,,0,0,0
Расширение (legacy),axe,Топор,🪓,rare,6,2 кл.,"weapon, melee, craft",бой (рюкзак),damage =4 [3…6] | gainStack @on_hit =1 stack:empower · синергии: strong → armor (blockBonus:1) | strong → poison (poisonBonus:1),да,да,При попадании: +1 усиление.,,,damage =4 [3…6] | gainStack @on_hit =1 stack:empower,,strong → armor (blockBonus:1) | strong → poison (poisonBonus:1),,,,,,,2.2,2,2
Расширение (legacy),dragonskin_boots,Сапоги из драконьей кожи,👢🐉,epic,6,2 кл.,"shoes, armor, melee, pet, craft",бой (рюкзак),passiveDefense @passive =3 | heal =5 | passiveDefense @passive =4 | heal =6 | battleRageLowHp @passive,да,—,"При боевой ярости: снять 3 дебаффа, +1 удача, +20 блока.",,,passiveDefense @passive =3 | heal =5 | passiveDefense @passive =4 | heal =6 | battleRageLowHp @passive,,,,,,,,,3,0,1
Расширение (legacy),hedgehog,Ёжик,🦔,epic,6,1×1,"pet, spikes, craft",бой (рюкзак),poison =1 | damagePerStack @passive =0.5 stack:spikes | periodic @passive dmg:magic | hpThreshold @passive | cooldownMultPerTag @passive,да,—,Каждые 5с: 10 маг. урона +0.5 за шип. При HP <70%: +2 шипа и +25 HP (раз).,,,poison =1 | damagePerStack @passive =0.5 stack:spikes | periodic @passive dmg:magic | hpThreshold @passive | cooldownMultPerTag @passive,,,,,,,,,5,0,0
Расширение (legacy),mana_potion,Зелье маны,🧪🔮,epic,6,1×1,"potion, consumable, magic, craft",бой (рюкзак),buffTimed =0.1 stat:damage | hpThreshold @passive · синергии: strong → gem (cooldownReduction:0.08),да,да,При HP ниже 50%: +4 маны и +18 макс. HP (раз).,,,buffTimed =0.1 stat:damage | hpThreshold @passive,,strong → gem (cooldownReduction:0.08),,,,,,,3,0,0
Расширение (legacy),molten_dagger,Раскалённый кинжал,🔪🌋,epic,6,2 кл.,"weapon, fire, melee, craft",бой (рюкзак),damage =5 [3…7] | slow =0.18 | spendStack @on_attack =1 stack:heat | extraAttackOnStun @passive · синергии: strong → armor (blockBonus:1) | strong → poison (poisonBonus:1),да,да,При атаке: −1 жар → +2 урона. Доп. атака при оглушении.,,,damage =5 [3…7] | slow =0.18 | spendStack @on_attack =1 stack:heat | extraAttackOnStun @passive,,strong → armor (blockBonus:1) | strong → poison (poisonBonus:1),,,,,,,3.5,0,1
Расширение (legacy),spiked_collar,Шипастый ошейник,⭕,legendary,6,1×1,"accessory, spikes, craft",бой (рюкзак),passiveDefense @passive =2 | gainStack @battle_start =1 stack:spikes,да,—,В начале боя: +1 шип.,,,passiveDefense @passive =2 | gainStack @battle_start =1 stack:spikes,,,,,,,,,0,0,0
Расширение (legacy),toad,Жаба,🐸,epic,6,1×1,"pet, poison, dark, craft",бой (рюкзак),heal =2 | periodic @passive | stackThreshold @passive stack:empower,да,—,Каждые 3.8с: +1 мана и +1 яд. При 10 усилениях: +12 HP (раз).,,,heal =2 | periodic @passive | stackThreshold @passive stack:empower,,,,,,,,,3.8,0,0
Расширение (legacy),bow_and_arrow,Лук со стрелами,🏹🎯,epic,7,2 кл.,"weapon, ranged, craft",бой (рюкзак),damage =7 [6…9] | onHitCapBonus @on_hit =1 · синергии: strong → armor (blockBonus:1) | strong → poison (poisonBonus:1),да,да,При попадании: +1 урона (до 7).,,,damage =7 [6…9] | onHitCapBonus @on_hit =1,,strong → armor (blockBonus:1) | strong → poison (poisonBonus:1),,,,,,,1.8,1.2,1
Магазин (рюкзак),wooden_sword,Деревянный меч,🗡️🪵,common,3,2 кл.,"weapon, melee, craft",бой (рюкзак),damage =2 [1…3] | onHitCapBonus @on_hit =1 25% · синергии: strong → armor (blockBonus:1) | strong → poison (poisonBonus:1),да,да,25% +1 урона (до 2).,,,damage =2 [1…3] | onHitCapBonus @on_hit =1 25%,,strong → armor (blockBonus:1) | strong → poison (poisonBonus:1),,,,,,,1.4,1,1
Магазин (рюкзак),broom,Метла,🧹,common,4,2 кл.,"weapon, debuff, melee",бой (рюкзак),damage =3 [2…4] | attackBuff @on_miss =2 | poison @on_hit =1 33% · синергии: strong → armor (blockBonus:1) | strong → poison (poisonBonus:1),да,да,При промахе: +2 урона след. атаке. При попадании: 33% +1 яд.,,,damage =3 [2…4] | attackBuff @on_miss =2 | poison @on_hit =1 33%,,strong → armor (blockBonus:1) | strong → poison (poisonBonus:1),,,,,,,1.7,1.5,1
Магазин (рюкзак),pan,Сковородка,🍳,common,4,2 кл.,"weapon, melee, food, craft",бой (рюкзак),damage =5 [5…6] | damagePerTag @passive =1 · синергии: strong → food (damageBonus:1) | strong → armor (blockBonus:1) | strong → poison (poisonBonus:1),да,да,+1 урона за каждый предмет с тегом «еда».,,,damage =5 [5…6] | damagePerTag @passive =1,,strong → food (damageBonus:1) | strong → armor (blockBonus:1) | strong → poison (poisonBonus:1),,,,,,,2,2,1
Магазин (рюкзак),storm_burst,Удар бури,🌩️,rare,5,2 кл.,"weapon, magic",бой (рюкзак),spendStack =1 stack:mana | damage =4 [1…4] dmg:magic · синергии: strong → armor (blockBonus:1) | strong → poison (poisonBonus:1) | strong → gem (cooldownReduction:0.08),да,да,[при активации]: потратить 1 ману → +8 урона и магический удар.,,,spendStack =1 stack:mana | damage =4 [1…4] dmg:magic,,strong → armor (blockBonus:1) | strong → poison (poisonBonus:1) | strong → gem (cooldownReduction:0.08),,,,,,,5.5,2,0
Магазин (рюкзак),spear,Копьё,🔱,rare,6,3 кл.,"weapon, melee, craft",бой (рюкзак),damage =5 [3…8] | breakBlockOnHit @on_hit =4 · синергии: strong → armor (blockBonus:1) | strong → poison (poisonBonus:1),да,да,При попадании: снять 4 блока у противника.,,,damage =5 [3…8] | breakBlockOnHit @on_hit =4,,strong → armor (blockBonus:1) | strong → poison (poisonBonus:1),,,,,,,1.5,1,1
Магазин (рюкзак),hungry_blade,Голодный клинок,🗡️🩸,epic,7,2 кл.,"weapon, melee, vampiric, craft",бой (рюкзак),statMult @passive =0.08 stat:damage | damage =4 [3…6] | gainStack @battle_start =1 stack:spikes | gainStack @on_hit =1 stack:spikes | damagePerStack @passive =1 stack:spikes · синергии: strong → armor (blockBonus:1) | strong → poison (poisonBonus:1),да,да,В начале боя: +1 шип. При попадании: +1 шип. +1 урона за шип.,,,statMult @passive =0.08 stat:damage | damage =4 [3…6] | gainStack @battle_start =1 stack:spikes | gainStack @on_hit =1 stack:spikes | damagePerStack @passive =1 stack:spikes,,strong → armor (blockBonus:1) | strong → poison (poisonBonus:1),,,,,,,1.6,1,1
Магазин (рюкзак),ripsaw_blade,Пила-раздиратор,🪚🩸,legendary,7,2 кл.,"weapon, spikes, melee",бой (рюкзак),damage =9 [8…10] | stealWeaponDamage @on_hit =1 · синергии: strong → armor (blockBonus:1) | strong → poison (poisonBonus:1),да,да,При попадании: украсть 1 урона с оружия противника.,,,damage =9 [8…10] | stealWeaponDamage @on_hit =1,,strong → armor (blockBonus:1) | strong → poison (poisonBonus:1),,,,,,,1.7,1.5,3
Магазин (рюкзак),villain_sword,Меч злодея,🗡️😈,unique,7,2 кл.,"weapon, melee, dark",бой (рюкзак),damage =3 [2…4] | damagePerTag @passive =4 · синергии: strong → weapon (damageBonus:4) | strong → armor (blockBonus:1) | strong → poison (poisonBonus:1),да,да,+4 урона за каждый тёмный предмет.,,,damage =3 [2…4] | damagePerTag @passive =4,,strong → weapon (damageBonus:4) | strong → armor (blockBonus:1) | strong → poison (poisonBonus:1),,,,,,,1.2,0.7,1
Магазин (рюкзак),hammer,Молот,🔨,rare,8,2 кл.,"weapon, melee, stun",бой (рюкзак),damage =11 [10…13] | slow =0.18 | applyStun @on_hit 45% · синергии: strong → armor (blockBonus:1) | strong → poison (poisonBonus:1),да,да,При попадании: 45% шанс оглушить на 0.5с.,,,damage =11 [10…13] | slow =0.18 | applyStun @on_hit 45%,,strong → armor (blockBonus:1) | strong → poison (poisonBonus:1),,,,,,,2,3,2
Магазин (рюкзак),snow_stick,Снежная палка,🪄❄️,legendary,8,2 кл.,"weapon, cold, melee",бой (рюкзак),damage =7 [6…9] | poison @on_hit =3 | selfPoison @on_hit =2 · синергии: strong → armor (blockBonus:1) | strong → poison (poisonBonus:1),да,да,При попадании: +3 яда противнику и +2 себе.,,,damage =7 [6…9] | poison @on_hit =3 | selfPoison @on_hit =2,,strong → armor (blockBonus:1) | strong → poison (poisonBonus:1),,,,,,,1.8,1,1
Магазин (рюкзак),thorn_whip,Шипастый кнут,🪢🌵,epic,8,2 кл.,"weapon, melee, spikes, craft",бой (рюкзак),damage =6 [4…9] | gainStack @on_hit =1 stack:spikes | damagePerStack @passive =1 stack:spikes · синергии: strong → armor (blockBonus:1) | strong → poison (poisonBonus:1),да,да,При попадании: +1 шип. +1 урона за каждый шип.,,,damage =6 [4…9] | gainStack @on_hit =1 stack:spikes | damagePerStack @passive =1 stack:spikes,,strong → armor (blockBonus:1) | strong → poison (poisonBonus:1),,,,,,,2.3,2.5,2
Магазин (рюкзак),knight_sword,Меч рыцаря,⚔️,rare,9,3 кл.,"weapon, melee",бой (рюкзак),damage =16 [12…16] · синергии: strong → armor (blockBonus:1) | strong → poison (poisonBonus:1),да,да,Мощный удар 12–16 урона.,,,damage =16 [12…16],,strong → armor (blockBonus:1) | strong → poison (poisonBonus:1),,,,,,,3.2,17,0
Магазин (рюкзак),iron_shield,Железный щит,🛡️,common,3,2 кл.,"armor, shield",бой (рюкзак),block =5 · синергии: strong → weapon (grantBlockBuff:3),да,да,Блок 5.,,,block =5,,strong → weapon (grantBlockBuff:3),,,,,,,3,0,0
Магазин (рюкзак),wooden_buckler,Деревянный щиток,🛡️🪵,common,4,2 кл.,"shield, armor",бой (рюкзак),block =5 | onDefend @passive 30%,да,—,"При блоке/уклонении (30%): −7 урона, −0.3 выносливости противнику.",,,block =5 | onDefend @passive 30%,,,,,,,,,3,0,1
Магазин (рюкзак),garlic,Чеснок,🧄,common,2,1×1,"food, poison, nature",бой (рюкзак),heal =2 | periodic @passive,да,—,Каждые 4с: +3 блока. 30% снять 1 дебафф.,,,heal =2 | periodic @passive,,,,,,,,,4,0,0
Магазин (рюкзак),fly_agaric,Мухомор,🍄,rare,3,1×1,"food, poison, nature",бой (рюкзак),buffTimed =0.15 stat:damage | periodic @passive,да,—,Каждые 3.6с: +1 яд.,,,buffTimed =0.15 stat:damage | periodic @passive,,,,,,,,,4,0,0
Магазин (рюкзак),poison_dagger,Ядовитый кинжал,🗡️,common,3,2 кл.,"weapon, poison, melee",бой (рюкзак),damage =2 [1…2] | poison @on_hit =2 | extraAttackOnStun @passive · синергии: strong → armor (blockBonus:1) | strong → poison (poisonBonus:1),да,да,Удар 1–2 урона. При попадании: +2 яда. Доп. атака по оглушённому.,,,damage =2 [1…2] | poison @on_hit =2 | extraAttackOnStun @passive,,strong → armor (blockBonus:1) | strong → poison (poisonBonus:1),,,,,,,2.6,12,0
Магазин (рюкзак),pestilence_flask,Ядовитое зелье,🧪☠️,epic,7,1×1,"potion, poison, consumable, craft",бой (рюкзак),poison =3 | onFoeHeal @passive,да,—,Когда противник лечится: +3 яда ему и +1 себе.,,,poison =3 | onFoeHeal @passive,,,,,,,,,3,0,0
Магазин (рюкзак),smoke_bomb,Дымовая бомба,💨,legendary,10,2 кл.,"poison, utility, debuff",бой (рюкзак),dodgePeriodic @passive | poison =2,да,—,Каждые 3с: уклонение. Активация: +2 яда.,,,dodgePeriodic @passive | poison =2,,,,,,,,,4.5,0,0
Магазин (рюкзак),chipped_ruby,Сколотый рубин,◇❤️,common,1,1×1,"gem, fire, craft",бой (рюкзак),groundFire =2 | statMult @passive =0.06 stat:damage,да,—,Сколотый рубин: Сокет оружия: Шанс получить Жар на попадание. Сокет аксессуара: +урон. Сокет брони: Сопротивление Холоду.,,,groundFire =2 | statMult @passive =0.06 stat:damage,,,,,,,,,0,0,0
Магазин (рюкзак),lump_of_coal,Кусок угля,🪨,common,2,2 кл.,"accessory, fire",бой (рюкзак),statMult @passive =0.08 stat:damage | groundFire @passive =1 | onHitCapBonus @on_hit =1 70% | gainStack @battle_start =8 stack:heat | periodic @passive,да,—,70% +1 урона при атаке. В начале боя: +8 жара. Каждые 3с: случайный стак.,,,statMult @passive =0.08 stat:damage | groundFire @passive =1 | onHitCapBonus @on_hit =1 70% | gainStack @battle_start =8 stack:heat | periodic @passive,,,,,,,,,3,0,0
Магазин (рюкзак),fire_crystal,Огненный кристалл,🔥,uncommon,6,2 кл.,"fire, gem",бой (рюкзак),damage =5 [2…5] dmg:fire,да,—,Огненный удар 2–5 урона.,,,damage =5 [2…5] dmg:fire,,,,,,,,,2.5,0,0
Магазин (рюкзак),chipped_sapphire,Сколотый сапфир,◇💙,common,1,1×1,"gem, cold, craft",бой (рюкзак),slow =0.1 | statMult @passive =-0.05 stat:cooldown,да,—,Сколотый сапфир: Сокет оружия: Шанс наложить Холод на попадание. Сокет аксессуара: +удача. Сокет брони: +блок.,,,slow =0.1 | statMult @passive =-0.05 stat:cooldown,,,,,,,,,3,0,0
Магазин (рюкзак),snowball,Снежок,⛄,epic,4,1×1,"accessory, cold, craft",бой (рюкзак),statMult @passive =0.08 stat:damage | gainStack @battle_start =2 stack:cold,да,—,В начале боя: наложить 2 холода на противника.,,,statMult @passive =0.08 stat:damage | gainStack @battle_start =2 stack:cold,,,,,,,,,0,0,0
Магазин (рюкзак),star_of_courage,Звезда мужества,⭐,rare,1,1×1,"accessory, holy",только prep/магазин,мета: starting_value @passive =1 · синергии: strong → weapon+pet+armor+shield (damageBonus:2),косвенно,да,Стартовый предмет из случайного броска сумки. Стоимость 1 золота; нет боевого эффекта.,,,,starting_value @passive =1,strong → weapon+pet+armor+shield (damageBonus:2),,,,,,,0,0,0
Магазин (рюкзак),shiny_shell,Блестящая раковина,🐚,common,2,1×1,"accessory, holy, nature",бой (рюкзак),healPerTag @passive =3 | periodic @passive,да,—,Каждые 5с: +5 HP и +3 за соседний святой предмет.,,,healPerTag @passive =3 | periodic @passive,,,,,,,,,5,0,0
Магазин (рюкзак),shelly,Шелли,🐚,rare,6,1×1,"pet, holy",бой (рюкзак),periodic @passive | procChanceBonus @passive =0.25 | cooldownMultPerTag @passive,да,—,Каждые 13с: снять 6 дебаффов и +40 HP. +25% к снятию дебаффов.,,,periodic @passive | procChanceBonus @passive =0.25 | cooldownMultPerTag @passive,,,,,,,,,13,0,0
Магазин (рюкзак),divine_potion,Божественное зелье,🧪✨,godly,7,1×1,"potion, consumable, holy",бой (рюкзак),heal =12 | debuffThreshold @passive,да,—,При 10+ дебаффах: снять 10.,,,heal =12 | debuffThreshold @passive,,,,,,,,,3,0,0
Магазин (рюкзак),chipped_amethyst,Сколотый аметист,◇💜,common,1,1×1,"gem, magic, craft",бой (рюкзак),statMult @passive =0.1 stat:magicDamage · синергии: strong → gem (cooldownReduction:0.08),да,да,Сколотый аметист: Сокет оружия: Шанс снять баффы на попадание. Сокет аксессуара: +маны. Сокет брони: +магия сопротивление.,,,statMult @passive =0.1 stat:magicDamage,,strong → gem (cooldownReduction:0.08),,,,,,,0,0,0
Магазин (рюкзак),blueberries,Черника,🫐,rare,2,1×1,"food, magic",бой (рюкзак),heal =2 | periodic @passive · синергии: strong → gem (cooldownReduction:0.08),да,да,Каждые 3.5с: +1 к самому слабому стаку (×2 маны при 10+ маны).,,,heal =2 | periodic @passive,,strong → gem (cooldownReduction:0.08),,,,,,,3.5,0,0
Магазин (рюкзак),charge_gem,Камень зарядов,⚡,uncommon,3,1×1,"magic, gem",бой (рюкзак),gainStack =1 stack:mana · синергии: strong → gem (cooldownReduction:0.08),да,да,[при активации]: +1 мана.,,,gainStack =1 stack:mana,,strong → gem (cooldownReduction:0.08),,,,,,,2,0,0
Магазин (рюкзак),spark_stone,Искорка,✨,uncommon,4,1×1,"utility, magic",бой (рюкзак),damage =3 [1…3] dmg:magic · синергии: strong → gem (cooldownReduction:0.08),да,да,Магический удар 1–3 урона.,,,damage =3 [1…3] dmg:magic,,strong → gem (cooldownReduction:0.08),,,,,,,3,0,0
Магазин (рюкзак),frost_crystal,Морозный кристалл,❄️,uncommon,6,2 кл.,"magic, gem, cold",бой (рюкзак),damage =4 [1…4] dmg:magic | slow =0.15 · синергии: strong → gem (cooldownReduction:0.08),да,да,Магический удар 1–4. Замедление 15% на 3с.,,,damage =4 [1…4] dmg:magic | slow =0.15,,strong → gem (cooldownReduction:0.08),,,,,,,3,0,0
Магазин (рюкзак),chipped_emerald,Сколотый изумруд,◇💚,common,1,1×1,"gem, nature, craft",бой (рюкзак),heal =3 | passiveMaxHp @passive =5,да,—,Сколотый изумруд: Сокет оружия: Лечение на попадание. Сокет аксессуара: +макс. ОЗ. Сокет брони: +реген.,,,heal =3 | passiveMaxHp @passive =5,,,,,,,,,3,0,0
Магазин (рюкзак),chipped_topaz,Сколотый топаз,◇💛,common,1,1×1,"gem, luck, craft",бой (рюкзак),statMult @passive =-0.08 stat:cooldown,да,—,Сколотый топаз: Сокет оружия: Быстрее атаки. Сокет аксессуара: Предметы срабатывает быстрее. Сокет брони: +выносливости реген.,,,statMult @passive =-0.08 stat:cooldown,,,,,,,,,0,0,0
Магазин (рюкзак),lucky_charm,Талисман,🍀,common,2,4 кл.,"utility, gem, luck, accessory",бой (рюкзак),passiveLuck @passive =35,да,—,+35 удачи (пассивно).,,,passiveLuck @passive =35,,,,,,,,,0,0,0
Магазин (рюкзак),health_stone,Камень здоровья,❤️,uncommon,5,1×1,"gem, heal",бой (рюкзак),passiveMaxHp @passive =12 | heal =4 · синергии: strong → food (healBonus:1),да,да,+12 макс. HP. Активация: лечение 4.,,,passiveMaxHp @passive =12 | heal =4,,strong → food (healBonus:1),,,,,,,5,0,0
Магазин (рюкзак),bandage,Бинт,🩹,common,1,1×1,"utility, food, heal",бой (рюкзак),heal =3,да,—,Лечение 3 HP.,,,heal =3,,,,,,,,,3,0,0
Магазин (рюкзак),healing_herb,Целебная трава,🌿,common,2,2 кл.,"food, nature, heal",бой (рюкзак),heal =5 · синергии: strong → nature (healBonus:1),да,да,Лечение 5 HP.,,,heal =5,,strong → nature (healBonus:1),,,,,,,4,0,0
Магазин (рюкзак),healing_herbs,Целебные травы,🌿,common,4,1×1,"food, nature",бой (рюкзак),statMult @passive =0.08 stat:damage | gainStack @battle_start =2 stack:luck,да,—,В начале боя: +2 удачи.,,,statMult @passive =0.08 stat:damage | gainStack @battle_start =2 stack:luck,,,,,,,,,4,0,0
Магазин (рюкзак),pineapple,Ананас,🍍,legendary,6,1×1,"food, nature",бой (рюкзак),periodic @passive | cooldownMultPerTag @passive,да,—,Каждые 2.9с: +1 удача и +4 HP. Быстрее за еду.,,,periodic @passive | cooldownMultPerTag @passive,,,,,,,,,2.9,0,0
Магазин (рюкзак),snowcake,Снежный пирог,🍰❄️,unique,6,1×1,"food, cold",бой (рюкзак),slow =0.12 | periodic @passive | cooldownMultPerTag @passive,да,—,Каждые 3с: +1 холод. При 10+ холода у противника: +10% маг. урона и 10 маг. урона.,,,slow =0.12 | periodic @passive | cooldownMultPerTag @passive,,,,,,,,,4,0,0
Магазин (рюкзак),cheese,Сыр,🧀,legendary,8,1×1,"food, pet",бой (рюкзак),heal =3 | periodic @passive,да,—,Каждые 3.8с: +10 макс. HP и случайный бафф.,,,heal =3 | periodic @passive,,,,,,,,,3.8,0,0
Магазин (рюкзак),rage_potion,Зелье ярости,🧪,uncommon,8,1×1,"food, potion",бой (рюкзак),buffTimed =0.3 stat:damage,да,—,+30% урона на 5с.,,,buffTimed =0.3 stat:damage,,,,,,,,,6,0,0
Магазин (рюкзак),health_potion,Зелье здоровья,🧪❤️,rare,4,1×1,"potion, consumable, heal, nature",бой (рюкзак),heal =6 | hpThreshold @passive,да,—,При HP ниже 50%: +11 HP и снять 4 дебаффа (раз).,,,heal =6 | hpThreshold @passive,,,,,,,,,3,0,0
Магазин (рюкзак),heroic_potion,Геройское зелье,🧪⚔️,legendary,6,1×1,"potion, consumable, stamina",бой (рюкзак),buffTimed =0.2 stat:damage | zeroStamina @passive,да,—,При нулевой выносливости: +2 выносливости и +1 усиление.,,,buffTimed =0.2 stat:damage | zeroStamina @passive,,,,,,,,,3,0,0
Магазин (рюкзак),stone_skin_potion,Зелье каменной кожи,🧪🪨,epic,6,1×1,"potion, consumable",бой (рюкзак),buffTimed =0.1 stat:damage | stackThreshold @passive stack:block,да,—,При 45 блока: −15 HP → +30 регена (раз).,,,buffTimed =0.1 stat:damage | stackThreshold @passive stack:block,,,,,,,,,3,0,0
Магазин (рюкзак),vampiric_potion,Вампирское зелье,🧪🩸,legendary,8,1×1,"potion, consumable, vampiric",бой (рюкзак),buffTimed =0.1 stat:damage | lifesteal @passive =0.05 | mutualHpThreshold @passive dmg:magic | mutualHpThreshold @passive dmg:magic | mutualHpThreshold @passive dmg:magic,да,—,"Оба ниже 80% HP: +3 маны, 15 маг. урона с 100% вампиризмом.",,,buffTimed =0.1 stat:damage | lifesteal @passive =0.05 | mutualHpThreshold @passive dmg:magic | mutualHpThreshold @passive dmg:magic | mutualHpThreshold @passive dmg:magic,,,,,,,,,3,0,0
Магазин (рюкзак),stone,Камень,🪨,common,1,1×1,"accessory, nature",бой (рюкзак),damage =3 [2…4] | activationLimit @passive | destroyFoeStacks @on_hit =4,да,—,1 бросок за бой. При попадании: уничтожить 4 стака противника.,,,damage =3 [2…4] | activationLimit @passive | destroyFoeStacks @on_hit =4,,,,,,,,,4,0,0
Магазин (рюкзак),pocket_sand,Карманный песок,🏖️,common,2,1×1,"accessory, debuff, nature",бой (рюкзак),statMult @passive =0.08 stat:damage | gainStack @battle_start =1 stack:luck,да,—,В начале боя: +1 удача.,,,statMult @passive =0.08 stat:damage | gainStack @battle_start =1 stack:luck,,,,,,,,,0,0,0
Магазин (рюкзак),antitoxin,Антидот,🧴,uncommon,3,1×1,"utility, nature, heal",бой (рюкзак),heal =4,да,—,Лечение 4 HP.,,,heal =4,,,,,,,,,3.5,0,0
Магазин (рюкзак),cork_charm,Пробка-оберег,🧿,common,2,1×1,"utility, accessory",бой (рюкзак),block =2,да,—,Блок 2.,,,block =2,,,,,,,,,5,0,0
Магазин (рюкзак),bag_of_stones,Мешок камней,🪨,rare,3,1×1,"accessory, nature",бой (рюкзак),stonesMultiThrow @passive,да,—,Камни можно метать многократно.,,,stonesMultiThrow @passive,,,,,,,,,0,0,0
Магазин (рюкзак),deck_of_cards,Колода карт,🃏,rare,3,1×1,"accessory, card, luck",бой (рюкзак),statMult @passive =0.08 stat:damage | gainStack @battle_start =2 stack:luck | procChanceBonus @passive =0.05 · мета: offer_tag @shop_pool,да,да,В начале боя: +2 удачи. +5% к прокам.,,,statMult @passive =0.08 stat:damage | gainStack @battle_start =2 stack:luck | procChanceBonus @passive =0.05,offer_tag @shop_pool,,,,,,,,0,0,0
Магазин (рюкзак),piggybank,Копилка,🐷,common,3,1×1,"accessory, melee, treasure",бой (рюкзак),passiveMaxHp @passive =2 | max_hp_per_start_item @passive =2 | max_hp_per_start_item @battle_start =2 · мета: gain_buff @shop_enter =1,да,да,В начале боя: +2 макс. HP за каждый предмет «начало боя».,,,passiveMaxHp @passive =2 | max_hp_per_start_item @passive =2 | max_hp_per_start_item @battle_start =2,gain_buff @shop_enter =1,,,,,,,,0,0,0
Магазин (рюкзак),leather_boots,Кожаные сапоги,👢,epic,6,2 кл.,"shoes, armor, luck",бой (рюкзак),block =5 | hpThreshold @passive,да,—,При HP <70%: +1 удача и +15 блока (раз).,,,block =5 | hpThreshold @passive,,,,,,,,,3,0,1
Магазин (рюкзак),cap_of_resilience,Шапка стойкости,🧢💪,epic,7,2 кл.,"armor, helmet, craft",бой (рюкзак),statMult @passive =0.08 stat:damage | timedDamageReduction @battle_start =0.25,да,—,В начале боя: Снизить получаемый урон на 25% на 3с. 15% шанс сопротивляться критические удары блока 15% шанс сопротивляться оглушениям блока,,,statMult @passive =0.08 stat:damage | timedDamageReduction @battle_start =0.25,,,,,,,,,0,0,1
Магазин (рюкзак),leather_armor,Кожаная броня,🦺,rare,7,5 кл.,armor,бой (рюкзак),passiveDefense @passive =4 | statMult @passive =0.08 stat:damage | gainStack @battle_start =45 stack:block · синергии: strong → shield (blockBonus:1),да,да,В начале боя: +45 блока.,,,passiveDefense @passive =4 | statMult @passive =0.08 stat:damage | gainStack @battle_start =45 stack:block,,strong → shield (blockBonus:1),,,,,,,0,0,2
Магазин (рюкзак),royal_helmet,Королевский шлем,👑,legendary,10,2 кл.,"armor, helmet",бой (рюкзак),passiveDefense @passive =10 | passiveMaxHp @passive =15 | block =10 · синергии: strong → weapon (grantBlockBuff:4),да,да,"+10 защиты, +15 макс. HP. Активация: блок 10.",,,passiveDefense @passive =10 | passiveMaxHp @passive =15 | block =10,,strong → weapon (grantBlockBuff:4),,,,,,,2.5,0,0
Магазин (рюкзак),titan_armor,Доспех титана,🦾,rare,10,4 кл.,armor,бой (рюкзак),passiveDefense @passive =16 | passiveMaxHp @passive =15,да,—,"+16 защиты, +15 макс. HP.",,,passiveDefense @passive =16 | passiveMaxHp @passive =15,,,,,,,,,0,0,0
Магазин (рюкзак),glowing_crown,Сияющая корона,👑✨,godly,12,2 кл.,"armor, helmet, holy",бой (рюкзак),periodic @passive | invulnOnStaminaSpend @passive · синергии: strong → weapon+pet+armor+shield (damageBonus:1),да,да,Каждые 2.4с: снять 1 дебафф и +5 HP. Потратить 10 выносливости: неуязвимость 2с.,,,periodic @passive | invulnOnStaminaSpend @passive,,strong → weapon+pet+armor+shield (damageBonus:1),,,,,,,2.4,0,1
Магазин (рюкзак),holy_armor,Святая броня,🦺✨,legendary,12,6 кл.,"armor, holy",бой (рюкзак),passiveDefense @passive =4 | gainStack @battle_start =65 stack:block | tagScaledStack @battle_start stack:block | periodic @passive,да,—,В начале боя: +65 блока и +2 блока за каждый предмет брони. Каждые 2.2с: потратить 2 блока (очистка).,,,passiveDefense @passive =4 | gainStack @battle_start =65 stack:block | tagScaledStack @battle_start stack:block | periodic @passive,,,,,,,,,2.2,0,3
Магазин (рюкзак),leather_pouch,Кожаный мешочек,👝,common,2,контейнер 2 сл.,bag,контейнер,+2 слотов рюкзака,нет,слоты,+2 слотов рюкзака.,,не активируется в бою,,,,,,,,,,0,,
Магазин (рюкзак),protective_purse,Защитная сумочка,👛🛡️,godly,2,контейнер 1 сл.,"bag, shield, armor",контейнер,+1 слотов рюкзака,нет,слоты,+1 слот рюкзака. В начале боя: +15 блока.,Универсальный / автономный,не активируется в бою,,,,,,,,,,0,,
Магазин (рюкзак),fanny_pack,Поясная сумка,🎒,rare,3,контейнер 2 сл.,bag,контейнер,+2 слотов рюкзака,нет,слоты,Предметы внутри на 10% быстрее.,Универсальный / автономный,не активируется в бою,,,,,,,,,,0,,
Магазин (рюкзак),iron_patch,Железная заплатка,🔩,common,3,2 кл.,utility,бой (рюкзак),passiveDefense @passive =2,да,—,+2 защиты.,,,passiveDefense @passive =2,,,,,,,,,0,0,0
Магазин (рюкзак),backpack,Рюкзак,🎒,uncommon,4,контейнер 3 сл.,bag,контейнер,+3 слотов рюкзака,нет,слоты,+3 слотов рюкзака.,,не активируется в бою,,,,,,,,,,0,,
Магазин (рюкзак),customer_card,Карта покупателя,💳,rare,4,1×1,"accessory, treasure",бой (рюкзак),procChanceBonus @passive =0.1 · мета: rarity_up @shop_refresh =1 | trade_offer @shop_refresh =3 10%,да,да,Магазин: повышение редкости. +10% к прокам.,,,procChanceBonus @passive =0.1,rarity_up @shop_refresh =1 | trade_offer @shop_refresh =3 10%,,,,,,,,0,0,0
