id,name,icon,rarity,rarity_label,cost,tags,description,build_hints,flavor,craft_only,is_container
amethyst_whelp,Аметистовый дракончик,🐉💜,godly,Божественный,14,питомец; магия; крафт,В начале боя: +4 случайных стака. При попадании: украсть стак у противника.,"Билд: мана / магия, питомцы · Пары: Mana Orb, Mana Potion, магические посохи","Магия здесь не светится. Она шепчет и портит воздух, как плесень в вентиляции.",,
pineapple,Ананас,🍍,legendary,Легендарный,6,еда; природа,"На 10% быстрее за «еда». Каждые 2.9 сек: +1 удача, лечит на 4 HP.",Билд: еда / Pan · Синергия: стан → Dagger extra attack,"Запах домашний. Но дома давно нет — только эта комната и твой голод, который не утолняется.",,
antitoxin,Антидот,🧴,uncommon,Необычный,3,универсальный; природа; лечение,Лечение 4 HP.,,Инструмент из ящика «на всякий случай». В этом городе «всякий случай» — это каждый день.,,
artifact_stone_heat,Артефактный камень: Жар,🪨🔥,unique,Уникальный,9,аксессуар; огонь,"При попадании: +3 жар. До 1 активаций за бой. При 10+ жар: оружие +8 урона, один раз за бой. Удар 4–6 урона.","Билд: огонь / Pyromancer · Пары: Draconic Orb, Oil Lamp, Flame-крафты","Огонь не освещает. Он показывает то, что стояло в темноте, пока ты отводил взгляд.",,
artifact_stone_death,Артефактный камень: Смерть,💀,unique,Уникальный,8,аксессуар; яд,1 бросок. Урон от усталости при попадании. +7% крит за уровень усталости противника.,"Билд: яд / DoT · Пары: Pestilence Flask, Death Scythe, ядовитые питомцы","Капля на металле расползается медленно — как пятно на стене, которое появляется каждую ночь.",,
artifact_stone_cold,Артефактный камень: Холод,🪨❄️,unique,Уникальный,10,аксессуар; лёд,"При попадании: +3 холод. До 1 активаций за бой. Каждые 5 сек: +1 холод, лечит на 4 HP. Удар 2–4 урона.",Билд: лёд,"Прикосновение ледянее, чем должно быть. Как ручка двери в подвал, которую никто не открывал годами.",,
banana,Банан,🍌,common,Обычный,3,еда; природа,"Каждые 5 сек: лечит на 4 HP, +1 выносливости.",Билд: еда / Pan · Синергия: стан → Dagger extra attack,На вкус как память. Неприятная. Настоящая. Ты всё равно проглотишь.,,
squirrel,Белка,🐿️,rare,Редкий,5,питомец; крафт,На 15% быстрее за «питомцы/еда». Каждые 4 сек: украсть 1 урона у оружия врага.,Билд: питомцы,"Спутник не живой. Он просто ещё не понял, что давно умер — и потому остаётся рядом. Оставлено для тех, кто ещё помнит своё имя — белка не прощает забывчивых.",,
squirrel_archer,Белка-лучник,🐿️🏹,epic,Эпический,9,питомец; дальний; крафт,При попадании: украсть 1 урона. Быстрее на 15% за питомца/еду.,"Билд: Ranger дальний бой, питомцы · Крафт: Squirrel + Bow and Arrow · Пары: Lucky Clover, Acorn Collar, Fortuna-ветка","Спутник не живой. Он просто ещё не понял, что давно умер — и потому остаётся рядом.",да,
bandage,Бинт,🩹,common,Обычный,1,универсальный; еда; лечение,Лечение 3 HP.,,"Запах домашний. Но дома давно нет — только эта комната и твой голод, который не утолняется.",,
fortunas_grace,Благодать Фортуны,🏹✨,legendary,Легендарный,10,оружие; удача; дальний; крафт,В начале боя: +5 удачи.,"Билд: Ranger дальний бой, крит / Luck · Крафт: Bow and Arrow + 2× Lucky Clover · Пары: Whetstone, Gloves of Haste","Железо, которое не ржавеет от времени — только от того, что на него смотрят слишком долго.",да,
shiny_shell,Блестящая раковина,🐚,common,Обычный,2,аксессуар; святой; природа,+3 лечения за соседний «святой». Каждые 5 сек: лечит на 5 HP.,"Билд: святой / Ranger · Крафт: Shelly, Shell Totem · Пары: Holy Armor, Divine Potion","Украшение с чужого запястья. Размер подходит. Это должно тревожить сильнее, чем тревожит.",,
war_scythe,Боевая коса,⚔️🌾,legendary,Легендарный,14,оружие; ближний; яд; тёмный; крафт,При атаке: −1 жар → снять 3 яда с противника и +5 урона. +0.35 урона и +3% крит за дебафф.,Крафт: Death Scythe + Whetstone · Reaper / яд,Удар им не больнее обычного. Просто после удара дольше не слышишь собственный пульс.,да,
war_hammer,Боевой молот,🔨,legendary,Легендарный,12,оружие; ближний,+50% пробивания блока. Удар 20–25 урона.,,"Когда-то это было оружием. Теперь — улика. Кровь здесь не красная, а цвета старой плёнки. Оставлено для тех, кто ещё помнит своё имя — боевой молот не прощает забывчивых.",,
divine_potion,Божественное зелье,🧪✨,godly,Божественный,7,зелье; расходник; святой,"При 10+ негативах снимает 10, один раз за бой. Лечение 12 HP.",Универсальный / автономный,"Тяжелее, чем выглядит. Как вина, которую ты ещё не совершил, но уже несёшь.",,
more_stats,Больше статов,📊,unique,Уникальный,5,аксессуар,В начале боя: +12% макс. HP. +5% урона оружия.,Универсальный / автономный,"Украшение с чужого запястья. Размер подходит. Это должно тревожить сильнее, чем тревожит.",,
large_sack,Большой мешок,🛄,rare,Редкий,9,сумка,+6 слотов рюкзака.,,"Внутри больше места, чем снаружи. Как комната, в которую ты заходишь и понимаешь — выхода не было никогда.",,да
great_shield,Большой щит,🛡️,rare,Редкий,8,броня; щит,Блок 18.,,"Броня не защищает от ударов. Она защищает от осознания, что удар уже был — просто ты ещё не упал.",,
vampiric_armor,Вампирская броня,🦺🩸,legendary,Легендарный,15,броня; вампирский; крафт,В начале боя: −50 HP → +100 регена и +4 блока. Каждые 2.8с: −10 HP → +20 регена.,"Билд: вампиризм · Крафт: Leather Armor + Blood Amulet · Пары: Blood Amulet, Hungry Blade, Blood Goobert","Броня не защищает от ударов. Она защищает от осознания, что удар уже был — просто ты ещё не упал.",да,
vampiric_gloves,Вампирские перчатки,🧤🩸,godly,Божественный,12,перчатки; аксессуар; вампирский; крафт,Через 4с: предметы на 35% быстрее.,"Билд: вампиризм · Крафт: Gloves of Haste + Blood Amulet · Пары: Blood Amulet, Hungry Blade, Blood Goobert",Собран из обломков чужих вещей. Здесь всё когда-нибудь становится частью чего-то худшего.,да,
vampiric_potion,Вампирское зелье,🧪🩸,legendary,Легендарный,8,зелье; расходник; вампирский,"Лечит на 5% от нанесённого урона. Если у обоих меньше 80% здоровья: +3 мана, 15 магического урона (лечит на 100% от урона), один раз за бой. +10% урона на 6 сек.","Билд: вампиризм · Пары: Blood Amulet, Hungry Blade, Blood Goobert","Тяжелее, чем выглядит. Как вина, которую ты ещё не совершил, но уже несёшь.",да,
twine_badge,Верёвочный значок,🧵,unique,Уникальный,5,аксессуар; крафт,На 5% чаще срабатывают эффекты предметов. В магазине чаще встречаются предметы: авантюрист. При покупке «сокровища» 40% шанс дополняет витрину.,Универсальный / автономный,Собран из обломков чужих вещей. Здесь всё когда-нибудь становится частью чего-то худшего.,,
the_lovers,Влюблённые,🃏💕,common,Обычный,3,карта; крафт,В начале боя: лечение 3 HP. лечение 4 HP. +25% урона на 4 сек.,Универсальный / автономный,Собран из обломков чужих вещей. Здесь всё когда-нибудь становится частью чего-то худшего.,,
holdall,Вместительная сумка,🧳,epic,Эпический,7,сумка,+6 слотов рюкзака. +8 жар за нейтральный предмет.,Универсальный / автономный,"Внутри больше места, чем снаружи. Как комната, в которую ты заходишь и понимаешь — выхода не было никогда.",да,да
wolf_badge,Волчий значок,🐺,unique,Уникальный,5,аксессуар; крафт,"Боевая ярость (<50% HP): −урон, быстрее предметы. Если здоровье ниже 50%, один раз за бой. В магазине чаще встречаются предметы: берсерк.",Универсальный / автономный,Собран из обломков чужих вещей. Здесь всё когда-нибудь становится частью чего-то худшего.,,
wolpertinger,Вольпертингер,🐰,godly,Божественный,12,питомец; удача,На 15% быстрее за «питомцы/luck». Каждые 5 сек: +1 к самому слабому бонусу. Лечение 2 HP.,"Билд: крит / Luck, питомцы","Глаза у него как у игрушки из автомата: стеклянные, и в них отражается не ты.",,
crow,Ворон,🐦‍⬛,godly,Божественный,13,питомец; дебафф; тёмный; крафт,Каждые 3с: украсть 1 урона. Предметы на 6% быстрее за питомца/дебафф.,"Билд: Reaper дебаффы, питомцы","Спутник не живой. Он просто ещё не понял, что давно умер — и потому остаётся рядом.",,
hero_long_sword,Геройский длинный меч,🗡️,rare,Редкий,0,оружие; ближний,Удар 8–14 урона.,,Удар им не больнее обычного. Просто после удара дольше не слышишь собственный пульс.,да,
hero_sword,Геройский меч,⚔️,uncommon,Необычный,0,оружие; ближний,Удар 4–8 урона.,,"Железо, которое не ржавеет от времени — только от того, что на него смотрят слишком долго.",да,
heroic_potion,Геройское зелье,🧪⚔️,legendary,Легендарный,6,зелье; расходник; stamina,При нулевой выносливости: +2 выносливости и +1 усиление. +20% урона на 5 сек.,"Билд: оружие со стаминой · Крафт: Eggscalibur · Пары: Stamina Sack, много ⚡-оружия","Предмет, который не должен был попасть в твои руки. Но в этом месте «не должен» ничего не значит.",,
hyper_hedgehog,Гиперёжик,🦔⚡,godly,Божественный,12,питомец; шипы; крафт; святой,Каждые 5с: 10 маг. урона +1 за шип. При HP <70%: +4 шипа и +35 HP (раз).,"Билд: шипы / отражение, питомцы · Крафт: Hedgehog + Walrus Tusk","Глаза у него как у игрушки из автомата: стеклянные, и в них отражается не ты.",да,
holo_fire_lizard,Голографическая огненная ящерица,🃏🦎,legendary,Легендарный,5,карта; огонь; питомец; крафт,+8% к магическому урону. Маг. удар 12 (+4/карта). В начале боя: +4 жар. +8% к урону. +25% урона на 4 сек.,"Билд: огонь / Pyromancer, питомцы · Пары: Draconic Orb, Oil Lamp, Flame-крафты",Жар от него пахнет не дымом — горелой бумагой и чужими фотографиями.,,
hungry_blade,Голодный клинок,🗡️🩸,epic,Эпический,7,оружие; ближний; вампирский; крафт,В начале боя: +1 шип. При попадании: +1 шип. +8% к урону. +1 урона за каждый шип. Удар 3–6 урона.,"Билд: вампиризм · Ветка: Manathirst / Bloodthorne / Frostbite · Пары: Healing Herbs, реген",Удар им не больнее обычного. Просто после удара дольше не слышишь собственный пульс.,,
bunch_of_coins,Горсть монет,🪙,rare,Редкий,9,аксессуар; ближний; сокровище; крафт,"Ничего не делают, но их можно продать с прибылью!",Билд: экономика / золото,Собран из обломков чужих вещей. Здесь всё когда-нибудь становится частью чего-то худшего.,,
burning_coal,Горящий уголь,🔥,rare,Редкий,2,аксессуар; огонь; крафт,"В начале боя: +12 жар. 12% шанс: +6 урона. +8% к урону. Каждые 5 сек: +2 жар, снимает 3 негатива.","Билд: огонь / Pyromancer · Крафт: Lump of Coal + источник огня · Пары: Draconic Orb, Oil Lamp, Flame-крафты","Огонь не освещает. Он показывает то, что стояло в темноте, пока ты отводил взгляд.",да,
storage_coffin,Гроб-хранилище,⚰️,unique,Уникальный,20,сумка; тёмный; reaper,При активации предмета внутри: 22% +1 яд.,"Билд: Reaper / тёмные предметы · Пары: Demonic Flask, яд","Внутри больше места, чем снаружи. Как комната, в которую ты заходишь и понимаешь — выхода не было никогда.",,да
goobert,Губерт,🟢,rare,Редкий,6,питомец; крафт,"После 6 активаций: +12 HP, +2 жар. Лечение 2 HP.",Ветка питомцев Goobert · Крафт: Steel / Blood / Light / King Goobert,"Глаза у него как у игрушки из автомата: стеклянные, и в них отражается не ты.",,
demonic_flask,Демоническая склянка,🧪😈,godly,Божественный,7,зелье; расходник; тёмный; крафт,Противник <50% HP: 5 маг. урона за каждый его дебафф.,Билд: Reaper дебаффы,Собран из обломков чужих вещей. Здесь всё когда-нибудь становится частью чего-то худшего.,,
wooden_sword,Деревянный меч,🗡️🪵,common,Обычный,3,оружие; ближний; крафт,25% шанс: +1 урона (макс. +2). Удар 1–3 урона.,Старт Ranger · Крафт: → Hero Sword · Пары: Whetstone для раннего апгрейда,"Удар им не больнее обычного. Просто после удара дольше не слышишь собственный пульс. Оставлено для тех, кто ещё помнит своё имя — деревянный меч не прощает забывчивых.",,
wooden_buckler,Деревянный щиток,🛡️🪵,common,Обычный,4,щит; броня,"При блоке или уклонении (30% шанс): блокирует 7 урона, забирает 0.3 выносливости у врага. Блок 5.",Универсальный / автономный,"Броня не защищает от ударов. Она защищает от осознания, что удар уже был — просто ты ещё не упал.",,
jimbo,Джимбо,🃏🤠,godly,Божественный,4,карта; крафт,+20 удачи. На 10% чаще срабатывают эффекты предметов. +2 защиты. Лечение 5 HP.,Универсальный / автономный,Собран из обломков чужих вещей. Здесь всё когда-нибудь становится частью чего-то худшего.,,
duffle_bag,Дорожная сумка,🛄,unique,Уникальный,16,сумка; крафт,"При HP <50%: боевая ярость, −20% урона, +20 блока.",Универсальный / автономный,"Собран из обломков чужих вещей. Здесь всё когда-нибудь становится частью чего-то худшего. Оставлено для тех, кто ещё помнит своё имя — дорожная сумка не прощает забывчивых.",да,да
titan_armor,Доспех титана,🦾,rare,Редкий,10,броня,+16 защиты. +15 к макс. здоровью.,,"Щит тяжелее, чем кажется. Как дверь, которую ты закрывал, зная, что за ней кто-то стоит.",,
dragon_claws,Драконьи когти,🐉🐾,epic,Эпический,4,перчатки; аксессуар; ближний; питомец; крафт,"+3 защиты. Предметы перезаряжаются на 15% быстрее. На 10% чаще срабатывают эффекты предметов. Боевая ярость (<50% HP): −урон, быстрее предметы.",Билд: питомцы · Крафт: Gloves of Haste + Forging Hammer,"Глаза у него как у игрушки из автомата: стеклянные, и в них отражается не ты.",да,
draconic_orb,Драконья сфера,🔮🐉,epic,Эпический,8,аксессуар; огонь; pyromancer; крафт,При 15 жара: 3 гарантированных крита. Каждые 3.8с: украсть 1 жар.,"Билд: огонь · Крафт: Staff of Fire, Obsidian Dragon","Огонь не освещает. Он показывает то, что стояло в темноте, пока ты отводил взгляд.",,
dragonscale_armor,Драконья чешуя,🐉🦺,epic,Эпический,7,броня; ближний; питомец; крафт,"При боевой ярости (<50% HP): +45 блока, −8% урона.",Билд: питомцы · Крафт: Leather Armor + Forging Hammer,"Броня не защищает от ударов. Она защищает от осознания, что удар уже был — просто ты ещё не упал.",да,
smoke_bomb,Дымовая бомба,💨,legendary,Легендарный,10,яд; универсальный; дебафф,Уклонение каждые 3 сек. Накладывает 2 яда.,,"Яд здесь не зелёный. Он прозрачный, как вода из крана в пустом доме.",,
hedgehog,Ёжик,🦔,epic,Эпический,6,питомец; шипы; крафт,"+0.5 урона за каждый шип. На 15% быстрее за «питомцы/еда». Каждые 5 сек: наносит 10 магического урона. Если здоровье ниже 70%: лечит на 25 HP, +2 шип, один раз за бой. Накладывает 1 яда.","Билд: шипы / отражение, питомцы","Спутник не живой. Он просто ещё не понял, что давно умер — и потому остаётся рядом.",,
toad,Жаба,🐸,epic,Эпический,6,питомец; яд; тёмный; крафт,"Каждые 3.8 сек: +1 мана, отравляет врага (1). При 10+ усиление: +12 HP, один раз за бой. Лечение 2 HP.","Билд: яд / DoT, Reaper дебаффы, питомцы · Пары: Pestilence Flask, Death Scythe, ядовитые питомцы","Яд здесь не зелёный. Он прозрачный, как вода из крана в пустом доме.",,
manathirst,Жаждущий маны,🩸,rare,Редкий,0,оружие; магия; ближний,Лечит на 15% от нанесённого урона. Магический удар 2–6 урона.,,Удар им не больнее обычного. Просто после удара дольше не слышишь собственный пульс.,да,
iron_patch,Железная заплатка,🔩,common,Обычный,3,универсальный,+2 защиты.,,Инструмент из ящика «на всякий случай». В этом городе «всякий случай» — это каждый день.,,
iron_helmet,Железный шлем,⛑️,common,Обычный,2,броня; шлем,+3 защиты. Блок 4.,,"Щит тяжелее, чем кажется. Как дверь, которую ты закрывал, зная, что за ней кто-то стоит.",,
iron_shield,Железный щит,🛡️,common,Обычный,3,броня; щит,Блок 5.,,"Щит тяжелее, чем кажется. Как дверь, которую ты закрывал, зная, что за ней кто-то стоит.",,
acorn_collar,Жёлудевой ошейник,🌰,epic,Эпический,8,аксессуар; удача; крафт; природа,+2 удачи. +5% крит за каждую удачу.,Билд: крит / Luck,Собран из обломков чужих вещей. Здесь всё когда-нибудь становится частью чего-то худшего.,,
time_dilator,Замедлитель времени,⏳,unique,Уникальный,8,аксессуар,Предметы перезаряжаются на 8% быстрее. Предметы перезаряжаются на 30% медленнее. Каждые 1 сек: ускорить предмет на 6%. замедление 12%.,Универсальный / автономный,"Украшение с чужого запястья. Размер подходит. Это должно тревожить сильнее, чем тревожит.",,
frozen_flame,Замёрзшее пламя,🧊,unique,Уникальный,10,аксессуар; огонь; лёд,+8 жар за «огонь». +8% к урону. +2% шанс крита. +2% крит. урона. При 6+ жар: +2 жар. В магазине чаще встречаются предметы: огонь.,"Билд: огонь / Pyromancer, лёд · Пары: Draconic Orb, Oil Lamp, Flame-крафты","Пламя в стекле, которое не греет. Его принесли из комнаты, где всегда горит телевизор без сигнала.",,
frozen_buckler,Замёрзший щиток,🛡️❄️,epic,Эпический,8,щит; броня; лёд; крафт,"Блок +15%. При блоке (30%): −12 урона, −0.9 выносливости, +1 яд.",Билд: лёд · Крафт: Wooden Buckler + Spell Scroll: Frostbolt,"Прикосновение ледянее, чем должно быть. Как ручка двери в подвал, которую никто не открывал годами.",да,
protective_purse,Защитная сумочка,👛🛡️,godly,Божественный,2,сумка; щит; броня,+1 слотов рюкзака. В начале боя: +15 блок.,Универсальный / автономный,"Броня не защищает от ударов. Она защищает от осознания, что удар уже был — просто ты ещё не упал.",,да
star_of_courage,Звезда мужества,⭐,rare,Редкий,1,аксессуар; святой,+1💰 в начале забега.,Универсальный / автономный,"Украшение с чужого запястья. Размер подходит. Это должно тревожить сильнее, чем тревожит.",,
health_potion,Зелье здоровья,🧪❤️,rare,Редкий,4,зелье; расходник; лечение; природа,"Если здоровье ниже 50%: лечит на 11 HP, снимает 4 негатива, один раз за бой. Лечение 6 HP.","Универсальный сейв · Ветка: Strong Health, Mana Potion · Пары: Potion Belt","На поверхности пыль. Под пылью — следы пальцев, которые совпадают с твоими.",,
stone_skin_potion,Зелье каменной кожи,🧪🪨,epic,Эпический,6,зелье; расходник,"При 45+ блок, один раз за бой. +10% урона на 6 сек.",Универсальный / автономный,"Его нашли у дороги в тумане. Никто не вернулся за ним — возможно, потому что уже не мог.",,
mana_potion,Зелье маны,🧪🔮,epic,Эпический,6,зелье; расходник; магия; крафт,"Если здоровье ниже 50%: +4 мана, один раз за бой. +10% урона на 6 сек.","Билд: мана / магия · Крафт: Health Potion + Blueberries · Пары: Mana Orb, Mana Potion, магические посохи","Формула выучена не из книги — из сна, который повторяется каждый раз, когда засыпаешь в коридоре.",да,
rage_potion,Зелье ярости,🧪,uncommon,Необычный,8,еда; зелье,+30% урона на 5 сек.,,На вкус как память. Неприятная. Настоящая. Ты всё равно проглотишь.,,
serpent_staff,Змеиный посох,🪄🐍,legendary,Легендарный,17,оружие; яд; магия; тёмный; ближний; крафт,При атаке: −4 маны → +2 урона и +1 яд (40% дубль).,"Билд: яд / DoT, мана / магия, Reaper дебаффы · Пары: Pestilence Flask, Death Scythe, ядовитые питомцы","Железо, которое не ржавеет от времени — только от того, что на него смотрят слишком долго.",да,
snake,Змея,🐍,unique,Уникальный,10,питомец; яд; тёмный; крафт,В начале боя: +4 маны и +40 макс. HP за питомца. Каждые 2.2с: +2 яда.,"Билд: яд / DoT, Reaper дебаффы, питомцы · Пары: Pestilence Flask, Death Scythe, ядовитые питомцы","Яд здесь не зелёный. Он прозрачный, как вода из крана в пустом доме.",,
puzzle_badge,Значок головоломки,🧩,unique,Уникальный,5,аксессуар; удача; крафт,Предметы перезаряжаются на 20% медленнее. Каждые 5 сек: ускорить предмет на 50%. При покупке сумки 35% шанс та же сумка снова появляется в магазине.,Билд: крит / Luck,Собран из обломков чужих вещей. Здесь всё когда-нибудь становится частью чего-то худшего.,,
gold_armor,Золотая броня,🦺🪙,godly,Божественный,16,броня; святой; сокровище; крафт,"В начале боя: +75 блока. +4 удачи. Каждые 2.2с: −2 блока, +8 HP, снять 1 яд.",Крафт: Holy Armor + Bunch of Coins,"Щит тяжелее, чем кажется. Как дверь, которую ты закрывал, зная, что за ней кто-то стоит.",да,
stankus_toothpick,Зубочистка Стэнкуса,🗡️🧄,legendary,Легендарный,10,оружие; ближний; еда; крафт,"−12% кулдаун за каждую еду на панели. При попадании: +2 яда, 35% замедление.",Крафт: Hero Sword + Garlic,"Железо, которое не ржавеет от времени — только от того, что на него смотрят слишком долго.",да,
emerald_whelp,Изумрудный дракончик,🐉💚,godly,Божественный,14,питомец; яд; крафт,В начале боя: +3 яда себе. При попадании: +3 яда противнику.,"Билд: яд / DoT, питомцы · Пары: Pestilence Flask, Death Scythe, ядовитые питомцы","Капля на металле расползается медленно — как пятно на стене, которое появляется каждую ночь.",,
fancy_fencing_rapier,Изящная шпага,🤺🍀,godly,Божественный,12,оружие; удача; ближний,"При попадании: тратит 3 удача, следующая атака +3 урона. При промахе: +3 удача. Удар 10–16 урона.","Билд: крит / Luck · Пары: Whetstone, Gloves of Haste","Железо, которое не ржавеет от времени — только от того, что на него смотрят слишком долго.",,
corrupted_armor,Искажённая броня,🦺🌑,godly,Божественный,20,броня; святой; тёмный; крафт,В начале боя: +85 блока. Каждые 2.4с: снять 2 дебаффа.,Билд: Reaper дебаффы · Крафт: Holy Armor + Corrupted Crystal,"Щит тяжелее, чем кажется. Как дверь, которую ты закрывал, зная, что за ней кто-то стоит.",да,
corrupted_crystal,Искажённый кристалл,💎,epic,Эпический,7,аксессуар; тёмный,"+5% к урону. +8% к магическому урону. Каждые 3.9 сек: отравляет врага (2). При 7+ негативах снимает 1, один раз за бой. Если у противника меньше 30% здоровья.",Билд: Reaper дебаффы,"Украшение с чужого запястья. Размер подходит. Это должно тревожить сильнее, чем тревожит.",,
spark_stone,Искорка,✨,uncommon,Необычный,4,универсальный; магия,Магический удар 1–3 урона.,,"Формула выучена не из книги — из сна, который повторяется каждый раз, когда засыпаешь в коридоре.",,
stone_armor,Каменная броня,🪨🦺,legendary,Легендарный,13,броня; крафт,В начале боя: +120 блока. Каждые 4с: снять 1 яд с себя и 2 с противника.,Крафт: Leather Armor + Stone Skin Potion,"Броня не защищает от ударов. Она защищает от осознания, что удар уже был — просто ты ещё не упал.",да,
stone_shoes,Каменные ботинки,👞🪨,legendary,Легендарный,12,обувь; броня; крафт,"При HP ниже 70%: +1 удача, +45 блока, −35% маг. урона на 7с (раз).",Крафт: Leather Boots + Stone Skin Potion,"Щит тяжелее, чем кажется. Как дверь, которую ты закрывал, зная, что за ней кто-то стоит.",да,
stone_golem,Каменный голем,🗿🦺,godly,Божественный,16,броня,+4 защиты. При попадании: +1 блок. При попадании: 30% оглушает на 0.5 сек. замедление 18%.,Универсальный / автономный,"Щит тяжелее, чем кажется. Как дверь, которую ты закрывал, зная, что за ней кто-то стоит.",,
stone_badge,Каменный значок,🪨,unique,Уникальный,5,аксессуар; крафт,Каждые 3 сек: +1 блок. Лечение 2 HP. В магазине не продаются стартовые предметы вашего класса. В магазине даёт случайный предмет за 1 золота.,Универсальный / автономный,Собран из обломков чужих вещей. Здесь всё когда-нибудь становится частью чего-то худшего.,,
stone_helm,Каменный шлем,⛑️🪨,legendary,Легендарный,13,броня; шлем; крафт,В начале боя: Снизить получаемый урон на 25% на 5с и получить 35 блоков 30% шанс сопротивляться критические удары блока 40% шанс сопротивляться оглушениям блока,Крафт: Cap of Resilience + Stone Skin Potion,"Щит тяжелее, чем кажется. Как дверь, которую ты закрывал, зная, что за ней кто-то стоит.",да,
stone,Камень,🪨,common,Обычный,1,аксессуар; природа,Уничтожить 4 бонусов у врага. До 1 активаций за бой. Удар 2–4 урона.,Универсальный / автономный,"Украшение с чужого запястья. Размер подходит. Это должно тревожить сильнее, чем тревожит.",,
pocket_sand,Карманный песок,🏖️,common,Обычный,2,аксессуар; дебафф; природа,В начале боя: +1 удача. +8% к урону.,Универсальный / автономный,"Предмет, который не лечит. Он только помогает болезни найти дорогу быстрее.",,
customer_card,Карта покупателя,💳,rare,Редкий,4,аксессуар; сокровище,На 10% чаще срабатывают эффекты предметов. При обновлении витрины иногда повышает редкость товара. При обновлении магазина 10% шанс: +3 золота.,Билд: экономика / золото,"Украшение с чужого запястья. Размер подходит. Это должно тревожить сильнее, чем тревожит.",,
katana,Катана,🗾⚔️,godly,Божественный,14,оружие; ближний,При попадании: украсть 1 урона у оружия врага. Удар 8–10 урона.,"Пары: Whetstone, Gloves of Haste",Удар им не больнее обычного. Просто после удара дольше не слышишь собственный пульс.,да,
dagger,Кинжал,🔪,common,Обычный,2,оружие; ближний,Дополнительная атака по оглушённому противнику. Удар 1–3 урона.,,Удар им не больнее обычного. Просто после удара дольше не слышишь собственный пульс.,,
boiling_pot,Кипящий котёл,🍲,epic,Эпический,8,аксессуар; еда; зелье; крафт,"Каждые 4с: +10 HP. В начале боя: +1 реген за еду, +1 мана за зелье, −15% кулдаун.",Крафт: Pan + Wooden Buckler,"Запах домашний. Но дома давно нет — только эта комната и твой голод, который не утолняется.",да,
shadow_blade,Клинок тени,🌑,legendary,Легендарный,15,оружие; яд; ближний,+25% шанс крита. Удар 8–13 урона.,,Удар им не больнее обычного. Просто после удара дольше не слышишь собственный пульс.,,
beast_fang,Клык зверя,🦷,uncommon,Необычный,6,аксессуар; природа,Предметы перезаряжаются на 15% быстрее. +10% к урону.,,"Украшение с чужого запястья. Размер подходит. Это должно тревожить сильнее, чем тревожит.",,
walrus_tusk,Клык моржа,🦷,common,Обычный,4,аксессуар; шипы; природа,В начале боя: +1 шип. +8% к урону. +1 защиты.,Билд: шипы / отражение,"Украшение с чужого запястья. Размер подходит. Это должно тревожить сильнее, чем тревожит.",,
tusk_poker,Клыковый колун,🦷🏹,rare,Редкий,8,оружие; шипы; дальний; крафт,При попадании: 50% шанс +1 шип. +1 урона за шип.,"Билд: Ranger дальний бой, шипы / отражение · Крафт: Shortbow + Walrus Tusk · Пары: Whetstone, Gloves of Haste","Железо, которое не ржавеет от времени — только от того, что на него смотрят слишком долго.",да,
tusk_piercer,Клыковый пробойник,🦷🎯,legendary,Легендарный,10,оружие; шипы; дальний; крафт,В начале боя: +4 шипа. При попадании: потратить 1 шип → +9 урона следующей атаке.,"Билд: Ranger дальний бой, шипы / отражение · Крафт: Bow and Arrow + Walrus Tusk · Пары: Whetstone, Gloves of Haste","Когда-то это было оружием. Теперь — улика. Кровь здесь не красная, а цвета старой плёнки.",да,
claws_of_attack,Когти атаки,🐾⚔️,epic,Эпический,8,перчатки; аксессуар; шипы; крафт,Каждые 4 попадания: +1 шип.,Билд: шипы / отражение · Крафт: Gloves of Haste + Walrus Tusk,Собран из обломков чужих вещей. Здесь всё когда-нибудь становится частью чего-то худшего.,да,
leather_armor,Кожаная броня,🦺,rare,Редкий,7,броня,+4 защиты. В начале боя: +45 блок. +8% к урону.,Билд: выживание · Ветка: Stone / Vampiric / Holy / Ice Armor,"Броня не защищает от ударов. Она защищает от осознания, что удар уже был — просто ты ещё не упал.",,
leather_bag,Кожаная сумка,👜,common,Обычный,4,сумка,+4 слотов рюкзака. На 5% быстрее за «accessory».,Расширение инвентаря · Ветка: Fanny Pack → Holdall,"Внутри больше места, чем снаружи. Как комната, в которую ты заходишь и понимаешь — выхода не было никогда.",,да
leather_boots,Кожаные сапоги,👢,epic,Эпический,6,обувь; броня; удача,"Если здоровье ниже 70%: +1 удача, один раз за бой. Блок 5.",Билд: крит / Luck,"Броня не защищает от ударов. Она защищает от осознания, что удар уже был — просто ты ещё не упал.",,
leather_pouch,Кожаный мешочек,👝,common,Обычный,2,сумка,+2 слотов рюкзака.,,"Внутри больше места, чем снаружи. Как комната, в которую ты заходишь и понимаешь — выхода не было никогда.",,да
deck_of_cards,Колода карт,🃏,rare,Редкий,3,аксессуар; карта; удача,В начале боя: +2 удача. +8% к урону. На 5% чаще срабатывают эффекты предметов. В магазине чаще встречаются предметы: карты.,"RNG / карточные эффекты · Ветка: Ace of Spades, The Fool, драконы","Украшение с чужого запястья. Размер подходит. Это должно тревожить сильнее, чем тревожит.",,
ring_of_power,Кольцо силы,💍,uncommon,Необычный,5,аксессуар; кольцо,+15% к урону.,,"Украшение с чужого запястья. Размер подходит. Это должно тревожить сильнее, чем тревожит.",,
piggybank,Копилка,🐷,common,Обычный,3,аксессуар; ближний; сокровище,+2 макс. HP за стартовый предмет. +2 к макс. здоровью. В магазине даёт +1 усиление к следующему бою.,Билд: экономика / золото,"Копилка из детской палаты. Монеты внутри — настоящие. Звук, когда трясёшь, — как далёкий смех по радио без частоты.",,
spear,Копьё,🔱,rare,Редкий,6,оружие; ближний; крафт,Удар 3–8 урона.,Билд: анти-блок · Оставлять пустые клетки впереди · Ветка: Poison / Holy / Molten Spear,"Железо, которое не ржавеет от времени — только от того, что на него смотрят слишком долго.",,
king_crown,Королевская корона,👑👑,godly,Божественный,17,броня; шлем; святой,Потратить 10 выносливости — неуязвимость на 2.5 сек. Каждые 2.4 сек: лечит на 8 HP.,Универсальный / автономный,"Броня не защищает от ударов. Она защищает от осознания, что удар уже был — просто ты ещё не упал.",да,
royal_helmet,Королевский шлем,👑,legendary,Легендарный,10,броня; шлем,+10 защиты. +15 к макс. здоровью. Блок 10.,,"Броня не защищает от ударов. Она защищает от осознания, что удар уже был — просто ты ещё не упал.",,
king_goobert,Король губерт,👑🟢,godly,Божественный,23,питомец; крафт; святой,После 6 активаций: +35 HP. Потратить 4 выносливости: неуязвимость 1.5с.,Билд: питомцы · Крафт: King Crown + Goobert,"Глаза у него как у игрушки из автомата: стеклянные, и в них отражается не ты.",да,
shortbow,Короткий лук,🏹,common,Обычный,4,оружие; дальний; крафт,100% шанс: +1 урона (макс. +3). Удар 2–3 урона.,"Билд: Ranger дальний бой · Пары: Whetstone, Gloves of Haste","Когда-то это было оружием. Теперь — улика. Кровь здесь не красная, а цвета старой плёнки. Оставлено для тех, кто ещё помнит своё имя — короткий лук не прощает забывчивых.",,
death_scythe,Коса смерти,☠️🌾,legendary,Легендарный,12,оружие; ближний; яд; тёмный,Когда у противника 25 яда: +65% крит (раз).,"Билд: яд / Reaper · Пары: Pestilence Flask, Poison Goobert, яд-еда",Удар им не больнее обычного. Просто после удара дольше не слышишь собственный пульс.,,
cauldron,Котёл,🫕,unique,Уникальный,10,аксессуар; тёмный; крафт,В магазине: улучшить зелье. Каждые 2.6с: случайный эффект (лечение/реген/удача).,Билд: Reaper дебаффы,"Собран из обломков чужих вещей. Здесь всё когда-нибудь становится частью чего-то худшего. Оставлено для тех, кто ещё помнит своё имя — котёл не прощает забывчивых.",,
wonky_snowman,Кривой снеговик,⛄,epic,Эпический,8,аксессуар; лёд,50% замедление при попадании.,Билд: лёд,"Холод не снаружи. Он внутри предмета — там, где давно не было тепла живого тела.",,
blood_amulet,Кровавый амулет,📿,legendary,Легендарный,8,аксессуар; вампирский; крафт,В начале боя: +2 реген. +20 к макс. здоровью.,"Билд: вампиризм · Крафт: Bloody Dagger, Vampiric Armor, Blood Goobert",Собран из обломков чужих вещей. Здесь всё когда-нибудь становится частью чего-то худшего.,,
blood_goobert,Кровавый губерт,🔴,legendary,Легендарный,15,питомец; вампирский; крафт,В начале боя: Получить 5 стаков После 6 активаций предметов: Нанести 10 маг. Урона с 100% вампиризмом. Даёт +1 за каждый стака,"Билд: вампиризм, питомцы · Крафт: Goobert + Blood Amulet · Пары: Blood Amulet, Hungry Blade, Blood Goobert","Спутник не живой. Он просто ещё не понял, что давно умер — и потому остаётся рядом.",да,
bloody_dagger,Кровавый кинжал,🔪🩸,legendary,Легендарный,12,оружие; ближний; вампирский; крафт,При попадании: +1 усиление. +4 лечения за вампирский предмет. Доп. атака при оглушении.,Билд: вампиризм · Крафт: Dagger + Blood Amulet,"Когда-то это было оружием. Теперь — улика. Кровь здесь не красная, а цвета старой плёнки.",да,
bloodthorne,Кровавый шип,🌹🩸,godly,Божественный,15,оружие; вампирский; шипы; ближний; крафт,При попадании: +1 шип. Потратить 1 шип: +1 HP и ещё +1 шип. +1 урона за шип.,"Билд: вампиризм, шипы / отражение · Крафт: Hungry Blade + Thorn Whip · Пары: Whetstone, Gloves of Haste","Железо, которое не ржавеет от времени — только от того, что на него смотрят слишком долго.",да,
winged_boots,Крылатые сапоги,👢🪽,godly,Божественный,13,обувь; броня; святой; крафт,"При HP ниже 70%: +1 удача, снять 15 дебаффов, уклонение (раз).",Крафт: Leather Boots + Divine Potion,"Щит тяжелее, чем кажется. Как дверь, которую ты закрывал, зная, что за ней кто-то стоит.",да,
rat,Крыса,🐀,common,Обычный,4,питомец; крафт,"На 15% быстрее за «питомцы/еда». Каждые 3.3 сек: наносит 5 магического урона, отравляет врага (1).",Билд: питомцы,"Спутник не живой. Он просто ещё не понял, что давно умер — и потому остаётся рядом. Оставлено для тех, кто ещё помнит своё имя — крыса не прощает забывчивых.",,
rat_chef,Крыса-повар,🐀👨‍🍳,rare,Редкий,8,питомец; крафт,В начале боя: +1 удача за еду. Каждые 7с: +2 выносливости и +1 усиление. Быстрее на 15% за питомца/еду.,Билд: питомцы · Крафт: Rat + Cheese,"Глаза у него как у игрушки из автомата: стеклянные, и в них отражается не ты.",да,
cthulhu,Ктулху,🐙👁️,unique,Уникальный,8,питомец; тёмный,"На 15% быстрее за «еда». Каждые 3.3 сек: +1 к самому слабому бонусу, наносит 10 магического урона, лечит на 100% от урона.","Билд: Reaper дебаффы, питомцы","Спутник не живой. Он просто ещё не понял, что давно умер — и потому остаётся рядом.",,
cubert,Куберт,🧊,unique,Уникальный,8,питомец,Каждые 4 сек: +1 холод.,Билд: питомцы,"Спутник не живой. Он просто ещё не понял, что давно умер — и потому остаётся рядом.",,
forging_hammer,Кузнечный молот,🔨,unique,Уникальный,3,аксессуар; ближний; крафт,+5% к урону. +1 урона за каждый бонус на панели. Удар 2–5 урона.,Синергия: стан → Dagger extra attack,"Собран из обломков чужих вещей. Здесь всё когда-нибудь становится частью чего-то худшего. Оставлено для тех, кто ещё помнит своё имя — кузнечный молот не прощает забывчивых.",,
lump_of_coal,Кусок угля,🪨,common,Обычный,2,аксессуар; огонь,70% шанс: +1 урона (макс. +99). В начале боя: +8 жар. +8% к урону. Поджигает поле (1 урона в секунду). Каждые 3 сек: +1 к самому слабому бонусу.,"Билд: огонь / Pyromancer · Пары: Draconic Orb, Oil Lamp, Flame-крафты",Жар от него пахнет не дымом — горелой бумагой и чужими фотографиями.,,
djinn_lamp,Лампа джинна,🪔,godly,Божественный,11,аксессуар; магия; удача; шипы,"+8 удачи. +2 защиты. +10% к магическому урону. Каждые 1.6 сек: случайно: +1 удача, +1 мана или +1 шип. Лечение 2 HP.","Билд: мана / магия, крит / Luck, шипы / отражение · Пары: Mana Orb, Mana Potion, магические посохи","Магия здесь не светится. Она шепчет и портит воздух, как плесень в вентиляции.",,
ice_armor,Ледяная броня,🦺❄️,epic,Эпический,11,броня; лёд; крафт,В начале боя: +100 блока и +4 блока.,Билд: лёд · Крафт: Leather Armor + Spell Scroll: Frostbolt,"Прикосновение ледянее, чем должно быть. Как ручка двери в подвал, которую никто не открывал годами.",да,
ice_dragon,Ледяной дракон,🐉❄️,godly,Божественный,15,питомец; лёд; крафт,При попадании: +1 холод противнику. При 10 холода у него: +90 блока. −20% маг. урона.,"Билд: лёд, питомцы · Крафт: Ruby Whelp + White-Eyes Blue Dragon","Прикосновение ледянее, чем должно быть. Как ручка двери в подвал, которую никто не открывал годами.",,
leaf_badge,Листовой значок,🍃,unique,Уникальный,5,аксессуар; крафт; природа,Каждые 2.2 сек: +1 к самому слабому бонусу. Лечение 2 HP. В магазине чаще встречаются предметы: следопыт.,Универсальный / автономный,Собран из обломков чужих вещей. Здесь всё когда-нибудь становится частью чего-то худшего.,,
vineweave_basket,Лозоплетёная корзина,🧺,unique,Уникальный,20,сумка; природа; крафт,+10% лечения и +3% за предмет природы внутри.,Универсальный / автономный,"Собран из обломков чужих вещей. Здесь всё когда-нибудь становится частью чего-то худшего. Оставлено для тех, кто ещё помнит своё имя — лозоплетёная корзина не прощает забывчивых.",,да
shovel,Лопата,⛏️,rare,Редкий,8,оружие; дебафф; ближний; крафт,Удар 5–8 урона. замедление 12%. В магазине выдаёт случайный предмет.,,"Когда-то это было оружием. Теперь — улика. Кровь здесь не красная, а цвета старой плёнки.",да,
bow_and_arrow,Лук со стрелами,🏹🎯,epic,Эпический,7,оружие; дальний; крафт,100% шанс: +1 урона (макс. +7). Удар 6–9 урона.,"Билд: Ranger дальний бой · Пары: Whetstone, Gloves of Haste",Удар им не больнее обычного. Просто после удара дольше не слышишь собственный пульс.,,
moon_armor,Лунная броня,🌙🦺,godly,Божественный,19,броня; святой; магия; крафт,В начале боя: +50 блока и +20 за каждый предмет брони. Каждые 2.6с: +3 блока.,"Билд: мана / магия · Крафт: Holy Armor + Mana Orb · Пары: Mana Orb, Mana Potion, магические посохи","Формула выучена не из книги — из сна, который повторяется каждый раз, когда засыпаешь в коридоре.",да,
moon_shield,Лунный щит,🛡️🌙,godly,Божественный,18,щит; броня; магия; крафт; святой,+30% блока. В начале боя: +5 блока.,"Билд: мана / магия · Крафт: Shield of Valor + Mana Orb · Пары: Mana Orb, Mana Potion, магические посохи","Формула выучена не из книги — из сна, который повторяется каждый раз, когда засыпаешь в коридоре.",да,
magic_badge,Магический значок,✨,unique,Уникальный,5,аксессуар; крафт,В начале боя: +5 мана. +8% к урону. +25% к магическому урону. На 30% чаще срабатывают эффекты предметов. В магазине чаще предметы класса «маг».,Универсальный / автономный,Собран из обломков чужих вещей. Здесь всё когда-нибудь становится частью чего-то худшего.,,
enchanted_staff,Магический посох,🪄,uncommon,Необычный,0,оружие; магия; ближний,Магический удар 2–5 урона.,,"Железо, которое не ржавеет от времени — только от того, что на него смотрят слишком долго.",да,
magic_staff,Магический посох,🪄✨,epic,Эпический,10,оружие; магия; дальний; крафт,При атаке: −3 маны → +6 урона и +2 урона навсегда.,"Билд: мана-маг · Ветка: Staff of Fire, Critwood, Unhealing · Пары: Mana Orb, Broom","Железо, которое не ржавеет от времени — только от того, что на него смотрят слишком долго.",да,
magic_torch,Магический факел,✨,legendary,Легендарный,11,аксессуар; огонь; магия; крафт,При попадании: −1 выносливости → +1 урона этому предмету и оружию.,"Билд: огонь / Pyromancer, мана / магия · Крафт: Torch + Mana Potion · Пары: Draconic Orb, Oil Lamp, Flame-крафты","Магия здесь не светится. Она шепчет и портит воздух, как плесень в вентиляции.",да,
lil_chestnut,Маленький каштан,🌰,unique,Уникальный,6,питомец,На 1% быстрее за стоимость предметов. Каждые 6 сек: +3 к самому сильному бонусу. При обновлении магазина 40% шанс: +3 золота.,Билд: питомцы,"Глаза у него как у игрушки из автомата: стеклянные, и в них отражается не ты.",,
mana_crystal,Мана-кристалл,💎,uncommon,Необычный,5,магия,Магический удар 1–4 урона.,,"Магия здесь не светится. Она шепчет и портит воздух, как плесень в вентиляции.",,
maneki_neko,Манэки-нэко,🐱,legendary,Легендарный,10,аксессуар; удача; святой,+3 защиты. +15 удачи. На 3% чаще срабатывают эффекты предметов. +1 удачи.,Билд: крит / Luck,"Украшение с чужого запястья. Размер подходит. Это должно тревожить сильнее, чем тревожит.",,
oil_lamp,Масляная лампа,🪔,epic,Эпический,7,аксессуар; огонь; pyromancer,В начале боя: +2 жара. Каждые 3.4с: оружие +1 урона.,"Билд: огонь / Pyromancer · Пары: Burning Sword, Draconic Orb","Огонь не освещает. Он показывает то, что стояло в темноте, пока ты отводил взгляд.",,
broom,Метла,🧹,common,Обычный,4,оружие; дебафф; ближний,При промахе: следующая атака сильнее на 2. При попадании: 33% шанс: +1 яда. Удар 2–4 урона.,"Пары: Whetstone, Gloves of Haste",Мётла из закрытого кинотеатра. Щетина пахнет сырой плиткой и чужим потом. Ею уже кто-то пытался вымести следы — следы остались.,,
villain_sword,Меч злодея,🗡️😈,unique,Уникальный,7,оружие; ближний; тёмный,+4 урона за каждый предмет «тёмный». Удар 2–4 урона.,Билд: тёмный carry · Пары: много соседних мечей (⭐),"Когда-то это было оружием. Теперь — улика. Кровь здесь не красная, а цвета старой плёнки.",,
knight_sword,Меч рыцаря,⚔️,rare,Редкий,9,оружие; ближний,Удар 12–16 урона.,,"Когда-то это было оружием. Теперь — улика. Кровь здесь не красная, а цвета старой плёнки.",,
stamina_sack,Мешок выносливости,🎒,epic,Эпический,5,сумка; stamina,+3 слотов рюкзака. +1 макс. выносливости.,Билд: много оружия / высокая ⚡-стоимость · Пары: Heroic Potion,"Внутри больше места, чем снаружи. Как комната, в которую ты заходишь и понимаешь — выхода не было никогда.",,да
bag_of_stones,Мешок камней,🪨,rare,Редкий,3,аксессуар; природа,Камни можно бросать много раз.,Универсальный / автономный,"Украшение с чужого запястья. Размер подходит. Это должно тревожить сильнее, чем тревожит.",,
miss_fortune,Мисс Фортуна,🐱🍀,epic,Эпический,7,питомец; тёмный; крафт,Каждые 2.1с: −1 удача → +3 к самому большому стаку.,"Билд: Reaper дебаффы, питомцы","Глаза у него как у игрушки из автомата: стеклянные, и в них отражается не ты.",,
mrs_struggles,Миссис Страглз,😤,legendary,Легендарный,7,питомец,На 10% быстрее за «тёмный». Каждые 4.7 сек: снять по 1 бонусу каждого типа у врага.,Билд: питомцы,"Спутник не живой. Он просто ещё не понял, что давно умер — и потому остаётся рядом.",,
mr_struggles,Мистер Страглз,😰,unique,Уникальный,10,питомец,Каждые 3 сек: наносит 4 магического урона. В магазине чаще встречаются предметы: питомцы.,Билд: питомцы,"Глаза у него как у игрушки из автомата: стеклянные, и в них отражается не ты.",,
hammer,Молот,🔨,rare,Редкий,8,оружие; ближний; оглушение,При попадании: 45% оглушает на 0.5 сек. Удар 10–13 урона. замедление 18%.,Билд: стан · Пары: Dagger (extra attack) · Утилита: Piggybank → монеты,"Когда-то это было оружием. Теперь — улика. Кровь здесь не красная, а цвета старой плёнки.",,
carrot_goobert,Морковный губерт,🥕,epic,Эпический,12,питомец; природа; крафт,После 5 активаций: снять 3 дебаффа и +2 усиления.,Билд: питомцы · Крафт: Goobert + 2× Carrot,"Глаза у него как у игрушки из автомата: стеклянные, и в них отражается не ты.",да,
carrot,Морковь,🥕,rare,Редкий,3,еда; удача; природа; крафт,"Каждые 2.7 сек: 55% +1 удача, снимает 1 негатива. Лечение 3 HP.","Билд: крит / Luck, еда / Pan",На вкус как память. Неприятная. Настоящая. Ты всё равно проглотишь.,,
frost_crystal,Морозный кристалл,❄️,uncommon,Необычный,6,магия; лёд,Магический удар 1–4 урона. замедление 15%.,,"Формула выучена не из книги — из сна, который повторяется каждый раз, когда засыпаешь в коридоре.",,
fly_agaric,Мухомор,🍄,rare,Редкий,3,еда; яд; природа,Каждые 3.6 сек: отравляет врага (1). +15% урона на 5 сек.,"Билд: яд / DoT, еда / Pan · Пары: Pestilence Flask, Death Scythe, ядовитые питомцы","Капля на металле расползается медленно — как пятно на стене, которое появляется каждую ночь.",,
fortunas_hope,Надежда Фортуны,🏹🍀,epic,Эпический,8,оружие; удача; дальний; крафт,При попадании: 75% шанс +1 удача.,"Билд: Ranger дальний бой, крит / Luck · Крафт: Shortbow + 2× Lucky Clover · Пары: Whetstone, Gloves of Haste",Удар им не больнее обычного. Просто после удара дольше не слышишь собственный пульс.,да,
impractically_large_greatsword,Непрактично огромный двуручник,⚔️📏,godly,Божественный,14,оружие; ближний,При 5+ жар: +1 усиление. Удар 40–50 урона.,"Пары: Whetstone, Gloves of Haste","Железо, которое не ржавеет от времени — только от того, что на него смотрят слишком долго.",,
unstable_recombobulator,Нестабильный перекомбобулятор,🎰,epic,Эпический,6,аксессуар,"+12 удачи. Каждые 4 сек: случайно: +1 удача, отравляет врага (1) или лечит на 5 HP. +15% урона на 3 сек. В магазине перерабатывает себя и соседние предметы в новые (по их общей цене).",Универсальный / автономный,"Украшение с чужого запястья. Размер подходит. Это должно тревожить сильнее, чем тревожит.",,
frostbite,Обморожение,🗡️❄️,legendary,Легендарный,11,оружие; лёд; вампирский; крафт; ближний,+1 урона за яд у противника. Когда у противника 30 яда: +12 HP (раз).,"Билд: лёд, вампиризм · Крафт: Hungry Blade + Spell Scroll: Frostbolt · Пары: Whetstone, Gloves of Haste","Железо, которое не ржавеет от времени — только от того, что на него смотрят слишком долго.",да,
obsidian_dragon,Обсидиановый дракон,🐉🖤,godly,Божественный,18,питомец; огонь; магия; крафт,При 8 жара: +2 урона и гарантированный крит.,"Билд: огонь / Pyromancer, мана / магия, питомцы · Крафт: Ruby Whelp + Draconic Orb · Пары: Draconic Orb, Oil Lamp, Flame-крафты","Формула выучена не из книги — из сна, который повторяется каждый раз, когда засыпаешь в коридоре.",,
flame_badge,Огненный значок,🔥,unique,Уникальный,5,аксессуар; огонь; крафт,+8% к урону. Поджигает поле (6 урона в секунду). На 5% чаще срабатывают эффекты предметов. В магазине чаще встречаются предметы: пиромант. В магазине (65% шанс) создаёт предмет пламени за 1 золото.,"Билд: огонь / Pyromancer · Пары: Draconic Orb, Oil Lamp, Flame-крафты","Огонь не освещает. Он показывает то, что стояло в темноте, пока ты отводил взгляд.",,
flame_whip,Огненный кнут,🔥🪢,legendary,Легендарный,10,оружие; огонь; шипы; ближний; крафт,При атаке: −1 жар → +8 урона и +4 шипа.,"Билд: огонь / Pyromancer, шипы / отражение · Крафт: Thorn Whip + 2× Flame · Пары: Whetstone, Gloves of Haste","Когда-то это было оружием. Теперь — улика. Кровь здесь не красная, а цвета старой плёнки.",да,
fire_staff,Огненный посох,🔥,legendary,Легендарный,12,оружие; магия; огонь; ближний,Поджигает поле (3 урона в секунду). +15% пробивания блока. Огненный удар 6–11 урона.,,Удар им не больнее обычного. Просто после удара дольше не слышишь собственный пульс.,,
staff_of_fire,Огненный посох,🪄🔥,legendary,Легендарный,18,оружие; огонь; магия; крафт; ближний,При атаке: −2 маны и −2 жара → +6 урона.,"Билд: огонь / Pyromancer, мана / магия · Крафт: Magic Staff + Draconic Orb · Пары: Whetstone, Gloves of Haste",Удар им не больнее обычного. Просто после удара дольше не слышишь собственный пульс.,да,
friendly_fire,Огонь по своим,🔥🤝,unique,Уникальный,10,оружие; огонь; ближний; крафт,Каждые 3с: −1 жар → +2 жара. При 20 жара: 100 маг. урона.,"Билд: огонь / Pyromancer · Пары: Whetstone, Gloves of Haste",Удар им не больнее обычного. Просто после удара дольше не слышишь собственный пульс.,,
chili_goobert,Острый губерт,🌶️,epic,Эпический,11,питомец; огонь; крафт,После 6 активаций: +12 HP и +2 жара.,"Билд: огонь / Pyromancer, питомцы · Крафт: Goobert + Chili Pepper · Пары: Draconic Orb, Oil Lamp, Flame-крафты",Жар от него пахнет не дымом — горелой бумагой и чужими фотографиями.,да,
white_lily_collar,Ошейник белой лилии,🤍,godly,Божественный,14,аксессуар; удача; святой; крафт,"+3 удачи, +2 защиты. Каждые 3.5с: +6 HP и снять 1 дебафф.",Крафт: Red Orchid Collar + Holy Armor,Собран из обломков чужих вещей. Здесь всё когда-нибудь становится частью чего-то худшего.,да,
red_orchid_collar,Ошейник красной орхидеи,🌺,legendary,Легендарный,10,аксессуар; удача; вампирский; крафт,+2 удачи. +4% вампиризма за соседнее оружие. +4% крит за удачу.,Крафт: Acorn Collar + Blood Amulet · ветка Lily/Sage,Собран из обломков чужих вещей. Здесь всё когда-нибудь становится частью чего-то худшего.,да,
blue_sage_collar,Ошейник синего шалфея,💠,godly,Божественный,14,аксессуар; удача; магия; крафт,В начале боя: +4 маны. При атаке: −2 маны → +5 урона и гарант. крит 1.2с.,Крафт: Red Orchid Collar + Mana Crystal,"Формула выучена не из книги — из сна, который повторяется каждый раз, когда засыпаешь в коридоре.",да,
pandamonium,Пандемоний,🐼☠️,legendary,Легендарный,11,оружие; яд; ближний; тёмный; крафт,+1 урона за еду. +1 яд при попадании. +4% крит за дебафф противника.,"Билд: яд / DoT, Reaper дебаффы · Крафт: Pan + Corrupted Crystal · Пары: Pestilence Flask, Death Scythe, ядовитые питомцы","Железо, которое не ржавеет от времени — только от того, что на него смотрят слишком долго.",да,
spider_web,Паутина,🕸️,uncommon,Необычный,5,природа; дебафф; универсальный,замедление 10%.,,"Предмет, который не лечит. Он только помогает болезни найти дорогу быстрее.",,
chili_pepper,Перец чили,🌶️,rare,Редкий,5,еда; огонь; крафт,"Каждые 4.5 сек: +1 жар, лечит на 5 HP. При 10+ жар: снимает 1 негатива.","Билд: огонь / Pyromancer, еда / Pan · Пары: Draconic Orb, Oil Lamp, Flame-крафты",Жар от него пахнет не дымом — горелой бумагой и чужими фотографиями.,,
gloves_of_power,Перчатки силы,🧤💪,legendary,Легендарный,10,перчатки; аксессуар; крафт,"+20% урона, −10% скорости. При попадании: +7 усиления.",Крафт: Gloves of Haste + Stone Skin Potion,Собран из обломков чужих вещей. Здесь всё когда-нибудь становится частью чего-то худшего.,,
gloves_of_haste,Перчатки спешки,🧤⚡,rare,Редкий,4,перчатки; аксессуар; универсальный; крафт,В начале боя: предметы срабатывают на 20% быстрее.,"Билд: темпо · Крафт-ядро: Falcon Blade, Vampiric Gloves · Ставить на «запястья» оружия/питомцев",Собран из обломков чужих вещей. Здесь всё когда-нибудь становится частью чего-то худшего.,,
ripsaw_blade,Пила-раздиратор,🪚🩸,legendary,Легендарный,7,оружие; шипы; ближний,При попадании: украсть 1 урона у оружия врага. Удар 8–10 урона.,"Билд: шипы / отражение · Пары: Whetstone, Gloves of Haste",Удар им не больнее обычного. Просто после удара дольше не слышишь собственный пульс.,,
platinum_customer_card,Платиновая карта покупателя,💳,epic,Эпический,8,аксессуар; сокровище; крафт,+10% к прокам. Каждые 4с: снять 2 дебаффа.,Билд: экономика / золото · Крафт: Customer Card + Customer Card,Собран из обломков чужих вещей. Здесь всё когда-нибудь становится частью чего-то худшего.,,
snowmaster,Повелитель снега,❄️,legendary,Легендарный,9,аксессуар; лёд,"На 10% быстрее за «холод». Каждые 1.3 сек: снимает 1 негатива, +1 холод (себе или врагу). замедление 12%.",Билд: лёд,"Прикосновение ледянее, чем должно быть. Как ручка двери в подвал, которую никто не открывал годами.",,
repeater,Повторитель,🔁,unique,Уникальный,8,аксессуар,Повтор магии (100%). Каждые 12 сек: +1 к самому слабому бонусу.,Универсальный / автономный,"Украшение с чужого запястья. Размер подходит. Это должно тревожить сильнее, чем тревожит.",,
present,Подарок,🎁,unique,Уникальный,10,аксессуар; крафт; природа,В начале боя: +5 удачи и +15 HP.,Универсальный / автономный,Собран из обломков чужих вещей. Здесь всё когда-нибудь становится частью чего-то худшего.,,
pop,Поп,💥,unique,Уникальный,6,аксессуар,На 3% быстрее за сокет. Каждые 8 сек: отравляет врага (3).,Универсальный / автономный,"Украшение с чужого запястья. Размер подходит. Это должно тревожить сильнее, чем тревожит.",,
critwood_staff,Посох критического древа,🪄🌳,legendary,Легендарный,18,оружие; магия; крафт; ближний,При атаке: −3 маны → +7 урона и гарантированный крит 1.5с.,"Билд: мана / магия · Крафт: Magic Staff + Acorn Collar · Пары: Whetstone, Gloves of Haste",Удар им не больнее обычного. Просто после удара дольше не слышишь собственный пульс.,да,
staff_of_unhealing,Посох неисцеления,🪄💀,godly,Божественный,19,оружие; магия; тёмный; крафт; ближний; лечение,Каждые 2с: +20 HP.,"Билд: мана / магия, Reaper дебаффы · Крафт: Magic Staff + Demonic Flask · Пары: Whetstone, Gloves of Haste","Железо, которое не ржавеет от времени — только от того, что на него смотрят слишком долго.",да,
apprentice_staff,Посох ученика,🪄,common,Обычный,3,оружие; магия; ближний,Магический удар 1–3 урона.,,"Железо, которое не ржавеет от времени — только от того, что на него смотрят слишком долго.",,
potion_belt,Пояс зелий,🧷,legendary,Легендарный,5,сумка; аксессуар,"+4 слотов рюкзака. На 8% чаще срабатывают эффекты предметов. При 4+ негативах снимает 10, один раз за бой.",Универсальный / автономный,"Украшение с чужого запястья. Размер подходит. Это должно тревожить сильнее, чем тревожит.",,да
fanny_pack,Поясная сумка,🎒,rare,Редкий,3,сумка,+2 слотов рюкзака. Предметы внутри на 10% быстрее.,Универсальный / автономный,"Внутри больше места, чем снаружи. Как комната, в которую ты заходишь и понимаешь — выхода не было никогда.",,да
prismatic_orb,Призматическая сфера,🔮,godly,Божественный,14,аксессуар; магия; святой,+2 мана за «магия». +1 мана за «огонь». +12% к магическому урону. +4% к лечению. Каждые 8 сек: +1 ко всем бонусам. Лечение 2 HP.,"Билд: мана / магия · Пары: Mana Orb, Mana Potion, магические посохи","Магия здесь не светится. Она шепчет и портит воздух, как плесень в вентиляции.",,
prismatic_sword,Призматический меч,🗡️🌈,godly,Божественный,15,оружие; ближний; магия; огонь; лёд,При попадании: +1 мана. +15% к лечению от урона за каждый предмет «холод». На 8% быстрее за «огонь». Магический удар 8–14 урона.,"Билд: мультистихия · Пары: Prismatic Orb, все типы кристаллов","Когда-то это было оружием. Теперь — улика. Кровь здесь не красная, а цвета старой плёнки.",да,
spectral_dagger,Призрачный кинжал,👻,uncommon,Необычный,0,оружие; магия; ближний,"При попадании: тратит 1 мана, следующая атака +6 урона. Дополнительная атака по оглушённому противнику. Магический удар 2–5 урона.",,"Железо, которое не ржавеет от времени — только от того, что на него смотрят слишком долго.",да,
cork_charm,Пробка-оберег,🧿,common,Обычный,2,универсальный; аксессуар,Блок 2.,,Инструмент из ящика «на всякий случай». В этом городе «всякий случай» — это каждый день.,,
cursed_dagger,Проклятый кинжал,🔪🌑,unique,Уникальный,10,оружие; ближний; тёмный; крафт,Доп. атака при оглушении. +2 яда. +1% крит за дебафф противника.,"Билд: Reaper дебаффы · Крафт: Dagger + Corrupted Crystal · Пары: Whetstone, Gloves of Haste",Удар им не больнее обычного. Просто после удара дольше не слышишь собственный пульс.,,
piercing_arrow,Пронзающая стрела,🏹💥,unique,Уникальный,10,оружие; дальний; крафт,+50% крит. урона. При крите: снять 15 блока.,"Билд: Ranger дальний бой · Пары: Whetstone, Gloves of Haste",Удар им не больнее обычного. Просто после удара дольше не слышишь собственный пульс.,,
gingerbread_jerry,Пряничный Джерри,🍪,unique,Уникальный,8,питомец; крафт,"В начале боя: +40 макс. здоровья. Каждые 3с: потратить 1, 1 и 1: получить 1, 3 и +20 макс. здоровья. Еда: срабатывает на 10% быстрее за каждую еду другого типа (кроме Пряничного Джерри).",Билд: питомцы,"Спутник не живой. Он просто ещё не понял, что давно умер — и потому остаётся рядом.",,
blazing_spear,Пылающее копьё,🔱🔥,godly,Божественный,14,оружие; огонь; ближний; крафт,Перед промахом: −1 жар → попадание и +8 урона. Снять 8 блока. При попадании: +2 жара.,Крафт: Molten Spear + 4× Lump of Coal,"Когда-то это было оружием. Теперь — улика. Кровь здесь не красная, а цвета старой плёнки.",да,
burning_blade,Пылающий клинок,🔥⚔️,legendary,Легендарный,17,оружие; огонь; ближний; крафт,При попадании: +1 жар. При 6 жара: оружие +1 урона.,"Билд: огонь / Pyromancer · Крафт: Burning Sword + 2× Whetstone · Пары: Whetstone, Gloves of Haste",Удар им не больнее обычного. Просто после удара дольше не слышишь собственный пульс.,да,
burning_sword,Пылающий меч,🗡️🔥,epic,Эпический,13,оружие; ближний; огонь; крафт,При попадании: 60% +1 жар. При 7 жара: оружие +1 урона.,"Билд: огонь / Pyromancer · Ветка: → Burning Blade · Пары: Draconic Orb, Oil Lamp","Когда-то это было оружием. Теперь — улика. Кровь здесь не красная, а цвета старой плёнки.",да,
burning_torch,Пылающий факел,🔥,epic,Эпический,5,аксессуар; огонь; крафт,В начале боя: +2 жар. При попадании: +1 усиление. +8% к урону.,"Билд: огонь / Pyromancer · Крафт: Torch + источник огня · Пары: Draconic Orb, Oil Lamp, Flame-крафты",Жар от него пахнет не дымом — горелой бумагой и чужими фотографиями.,да,
rainbow_goobert,Радужный губерт,🌈,godly,Божественный,50,питомец; яд; вампирский; дебафф; дальний; крафт,"После 9 активаций: +40 HP, +2 выносливости, +20 блока, +20 HP, оружие +4, +3 яда.","Билд: яд / DoT, вампиризм, Ranger дальний бой · Крафт: Steel+Blood+Light+Goobert+класс · Пары: Pestilence Flask, Death Scythe, ядовитые питомцы","Капля на металле расползается медленно — как пятно на стене, которое появляется каждую ночь.",да,
rainbow_badge,Радужный значок,🌈,unique,Уникальный,5,аксессуар; дальний; крафт,Каждые 7 сек: +1 к самому слабому бонусу. В магазине чаще предметы класса «любой класс».,"Билд: Ranger дальний бой · Пары: Lucky Clover, Acorn Collar, Fortuna-ветка",Собран из обломков чужих вещей. Здесь всё когда-нибудь становится частью чего-то худшего.,,
paradise_birb,Райская птичка,🦜,godly,Божественный,20,питомец; святой,На 7% чаще срабатывают эффекты предметов. +7% к лечению. На 7% быстрее за «питомцы». Каждые 2.7 сек: 7% +1 усиление.,Билд: питомцы,"Спутник не живой. Он просто ещё не понял, что давно умер — и потому остаётся рядом.",,
molten_spear,Раскалённое копьё,🔱🌋,epic,Эпический,8,оружие; огонь; ближний; крафт,Перед промахом: −1 жар → попадание и +5 урона. Снять 5 блока.,"Билд: огонь / Pyromancer · Крафт: Spear + 2× Flame · Пары: Whetstone, Gloves of Haste",Удар им не больнее обычного. Просто после удара дольше не слышишь собственный пульс.,да,
molten_greatsword,Раскалённый двуручник,⚔️🌋,godly,Божественный,18,оружие; огонь; ближний; крафт,При попадании: −2 жара → +4 жара. При 5+ жара: +1 усиление.,"Билд: огонь / Pyromancer · Пары: Whetstone, Gloves of Haste","Когда-то это было оружием. Теперь — улика. Кровь здесь не красная, а цвета старой плёнки.",да,
molten_dagger,Раскалённый кинжал,🔪🌋,epic,Эпический,6,оружие; огонь; ближний; крафт,"тратит 1 жар, следующая атака +2 урона. Дополнительная атака по оглушённому противнику. Удар 3–7 урона. замедление 18%.","Билд: огонь / Pyromancer · Крафт: Dagger + 2× Flame · Пары: Whetstone, Gloves of Haste","Когда-то это было оружием. Теперь — улика. Кровь здесь не красная, а цвета старой плёнки.",да,
reverse,Реверс!,🃏🔄,rare,Редкий,3,карта; крафт,В начале боя: +2 усиление. +25% урона на 4 сек.,Универсальный / автономный,Собран из обломков чужих вещей. Здесь всё когда-нибудь становится частью чего-то худшего.,,
rusty_sword,Ржавый меч,🗡️,common,Обычный,2,оружие; ближний,Удар 1–3 урона.,,Удар им не больнее обычного. Просто после удара дольше не слышишь собственный пульс.,,
ruby_egg,Рубиновое яйцо,🥚💎,legendary,Легендарный,10,питомец,В начале боя: +4 шип. +8% к урону.,Билд: питомцы,"Глаза у него как у игрушки из автомата: стеклянные, и в них отражается не ты.",,
ruby_whelp,Рубиновый дракончик,🐉💎,godly,Божественный,10,питомец; огонь,В начале боя: Получить 5 жаров Отражает 3 дебаффов жара,Билд: огонь / драконы · Ветка: Ruby Chonk → Obsidian Dragon,"Огонь не освещает. Он показывает то, что стояло в темноте, пока ты отводил взгляд.",да,
ruby_chonk,Рубиновый толстяк,🐲💎,godly,Божественный,15,питомец; огонь; крафт,При попадании: +1 жар. При <12 выносливости: 30% оглушение 0.4с.,"Билд: огонь / Pyromancer, питомцы · Крафт: Ruby Whelp + Holo Fire Lizard · Пары: Draconic Orb, Oil Lamp, Flame-крафты · Синергия: стан → Dagger extra attack",Жар от него пахнет не дымом — горелой бумагой и чужими фотографиями.,да,
rune_of_protection,Руна защиты,🔷,rare,Редкий,7,магия; универсальный,+38% эффективности блока. Блок 6.,,"Магия здесь не светится. Она шепчет и портит воздух, как плесень в вентиляции.",,
rune_of_magic,Руна магии,✨,rare,Редкий,7,магия,+35% к магическому урону. Магический удар 1–4 урона.,,"Магия здесь не светится. Она шепчет и портит воздух, как плесень в вентиляции.",,
backpack,Рюкзак,🎒,uncommon,Необычный,4,сумка,+3 слотов рюкзака.,,"Внутри больше места, чем снаружи. Как комната, в которую ты заходишь и понимаешь — выхода не было никогда.",,да
dragonskin_boots,Сапоги из драконьей кожи,👢🐉,epic,Эпический,6,обувь; броня; ближний; питомец; крафт,"+3 защиты. +4 защиты. Боевая ярость (<50% HP): −урон, быстрее предметы. Лечение 5 HP.",Билд: питомцы · Крафт: Leather Boots + Forging Hammer,"Щит тяжелее, чем кажется. Как дверь, которую ты закрывал, зная, что за ней кто-то стоит.",да,
sapphire_whelp,Сапфировый дракончик,🐉💙,godly,Божественный,14,питомец; лёд; крафт,В начале боя: +6 блока. При попадании: −1 блок → +10 блока и случайный стак.,"Билд: лёд, питомцы","Прикосновение ледянее, чем должно быть. Как ручка двери в подвал, которую никто не открывал годами.",,
blood_harvester,Сборщик крови,🩸🌾,unique,Уникальный,11,аксессуар; вампирский; крафт,Бонусы на панели на 100% эффективнее. На 5% быстрее за каждый бонус на панели.,"Билд: вампиризм · Пары: Blood Amulet, Hungry Blade, Blood Goobert",Собран из обломков чужих вещей. Здесь всё когда-нибудь становится частью чего-то худшего.,,
light_goobert,Светлый губерт,💡,godly,Божественный,18,питомец; дебафф; крафт; святой,После 6 активаций: +20 HP и +6 яда.,Билд: питомцы · Крафт: Goobert + Lightsaber,"Спутник не живой. Он просто ещё не понял, что давно умер — и потому остаётся рядом.",да,
lightsaber,Световой меч,⚔️💡,godly,Божественный,9,оружие; дебафф; ближний; святой,Потратить 3 выносливости — неуязвимость на 2 сек. +1 урона за каждый негатив на враге. Удар 8–12 урона.,"Пары: Whetstone, Gloves of Haste","Когда-то это было оружием. Теперь — улика. Кровь здесь не красная, а цвета старой плёнки.",,
spell_scroll_frostbolt,Свиток заклинания: Ледяная стрела,📜❄️,rare,Редкий,4,аксессуар; лёд; крафт,До 3 активаций за бой. Каждые 3 сек: наносит 5 магического урона. замедление 12%.,Билд: лёд,"Свиток из библиотеки, где книги стоят лицом к стене. Руны на пергаменте не светятся — они просто холоднее воздуха вокруг.",,
holy_armor,Святая броня,🦺✨,legendary,Легендарный,12,броня; святой,+4 защиты. В начале боя: +65 блок. +2 блок за «броня». Каждые 2.2 сек: тратит 2 блок.,"Билд: анти-яд / святой · Пары: Holy Spear, святые аксессуары","Щит тяжелее, чем кажется. Как дверь, которую ты закрывал, зная, что за ней кто-то стоит.",,
holy_spear,Святое копьё,🔱✨,godly,Божественный,18,оружие; святой; ближний; крафт,При попадании: снять 1 дебафф. Потратить 25 выносливости: неуязвимость 3с.,"Крафт: Spear + Glowing Crown · Пары: Whetstone, Gloves of Haste",Удар им не больнее обычного. Просто после удара дольше не слышишь собственный пульс.,да,
heart_container,Сердечный сосуд,❤️,godly,Божественный,11,аксессуар; святой,Каждые 3с: +1 сердце. При 7 сердцах: +100 макс. HP и +2 регена (раз).,Универсальный / автономный,"Украшение с чужого запястья. Размер подходит. Это должно тревожить сильнее, чем тревожит.",,
heart_of_darkness,Сердце тьмы,🖤,godly,Божественный,19,аксессуар; тёмный; крафт,Каждые 4с: украсть 2 урона. При 7 сердцах: +100 HP и +4 регена. Быстрее за тёмные предметы.,Билд: Reaper дебаффы · Крафт: Heart Container + Corrupted Crystal,Собран из обломков чужих вещей. Здесь всё когда-нибудь становится частью чего-то худшего.,да,
strong_demonic_flask,Сильная демоническая склянка,🧪🔥,godly,Божественный,14,зелье; расходник; тёмный; крафт,Противник <50% или вы <25% HP: 8 маг. урона за дебафф.,Билд: Reaper дебаффы · Крафт: Demonic Flask + Corrupted Crystal,Собран из обломков чужих вещей. Здесь всё когда-нибудь становится частью чего-то худшего.,да,
strong_divine_potion,Сильное божественное зелье,🧪🌟,godly,Божественный,15,зелье; расходник; святой; крафт,При 10+ дебаффах: снять 10 и +8 к сильнейшему стаку.,Крафт: Divine Potion + Cauldron,Собран из обломков чужих вещей. Здесь всё когда-нибудь становится частью чего-то худшего.,,
strong_vampiric_potion,Сильное вампирское зелье,🧪🦇,godly,Божественный,12,зелье; расходник; вампирский; крафт,"Оба ниже 80% HP: +5 маны, 20 маг. урона с 100% вампиризмом.","Билд: вампиризм · Крафт: Vampiric Potion + Cauldron · Пары: Blood Amulet, Hungry Blade, Blood Goobert",Собран из обломков чужих вещей. Здесь всё когда-нибудь становится частью чего-то худшего.,,
strong_heroic_potion,Сильное геройское зелье,🧪💪,legendary,Легендарный,9,зелье; расходник; крафт,При нулевой выносливости: +4 выносливости и +1 усиление.,Крафт: Heroic Potion + Banana,Собран из обломков чужих вещей. Здесь всё когда-нибудь становится частью чего-то худшего.,да,
strong_health_potion,Сильное зелье здоровья,🧪💗,epic,Эпический,8,зелье; расходник; природа; крафт,"При HP ниже 50%: +24 HP, +3 регена и снять 4 дебаффа (раз).",Крафт: Health Potion + Healing Herbs,Собран из обломков чужих вещей. Здесь всё когда-нибудь становится частью чего-то худшего.,да,
strong_stone_skin_potion,Сильное зелье каменной кожи,🧪🛡️,legendary,Легендарный,9,зелье; расходник; крафт,При 45 блока: −15 HP → +35 регена и +2 усиления.,Крафт: Stone Skin Potion + 2× Stone,Собран из обломков чужих вещей. Здесь всё когда-нибудь становится частью чего-то худшего.,да,
strong_mana_potion,Сильное зелье маны,🧪✨,legendary,Легендарный,7,зелье; расходник; магия; крафт,При HP ниже 50%: +9 маны и +25 макс. HP (раз).,"Билд: мана / магия · Крафт: Mana Potion + Cauldron · Пары: Mana Orb, Mana Potion, магические посохи","Формула выучена не из книги — из сна, который повторяется каждый раз, когда засыпаешь в коридоре.",,
strong_pestilence_flask,Сильное ядовитое зелье,🧪💀,legendary,Легендарный,10,зелье; расходник; яд; крафт,Когда противник лечится: +3 яда. Каждые 3.5с: +3 яда.,"Билд: яд / DoT · Крафт: Fly Agaric + Pestilence Flask · Пары: Pestilence Flask, Death Scythe, ядовитые питомцы","Яд здесь не зелёный. Он прозрачный, как вода из крана в пустом доме.",да,
white_eyes_blue_dragon,Синий глазами белый дракон,🃏🐉,epic,Эпический,5,карта; питомец; крафт,В начале боя: +12 удача. +5 удача за карту. В начале боя: +3 холод. +15% к урону. +25% урона на 4 сек.,Билд: питомцы,"Спутник не живой. Он просто ещё не понял, что давно умер — и потому остаётся рядом.",,
glowing_crown,Сияющая корона,👑✨,godly,Божественный,12,броня; шлем; святой,"Потратить 10 выносливости — неуязвимость на 2 сек. Каждые 2.4 сек: снимает 1 негатива, лечит на 5 HP.",Универсальный / автономный,"Броня не защищает от ударов. Она защищает от осознания, что удар уже был — просто ты ещё не упал.",,
pan,Сковородка,🍳,common,Обычный,4,оружие; ближний; еда; крафт,+1 урона за каждый предмет «еда». Удар 5–6 урона.,"Билд: еда / Pan · Ветка: Eggscalibur, Pandamonium, Shovel · Пары: любая еда (⭐)","Железо, которое не ржавеет от времени — только от того, что на него смотрят слишком долго.",,
crossblades,Скрещённые клинки,⚔️,epic,Эпический,0,оружие; ближний,Удар 12–18 урона.,,Удар им не больнее обычного. Просто после удара дольше не слышишь собственный пульс.,да,
busted_blade,Сломанный клинок,⚔️💥,godly,Божественный,16,оружие; ближний; крафт,Боевая ярость: предметы на 40% быстрее. +1 урона за каждый бонус на панели.,Крафт: Impractically Large Greatsword + Forging Hammer,"Когда-то это было оружием. Теперь — улика. Кровь здесь не красная, а цвета старой плёнки.",да,
snow_stick,Снежная палка,🪄❄️,legendary,Легендарный,8,оружие; лёд; ближний,При попадании: +3 яда. При попадании: +2 яда себе. Удар 6–9 урона.,"Билд: лёд · Пары: Whetstone, Gloves of Haste","Детская палочка из реквизита «Снежной королевы». После последнего спектакля её нашли в пустой раздевалке — рядом со сценарием, где финал вычёркнут. Машни: из наконечника сыплется не снег, а белая пыль больничного коридора.",да,
snowcake,Снежный пирог,🍰❄️,unique,Уникальный,6,еда; лёд,На 10% быстрее за «еда». Каждые 3 сек: +1 холод. замедление 12%.,"Билд: лёд, еда / Pan","Прикосновение ледянее, чем должно быть. Как ручка двери в подвал, которую никто не открывал годами.",,
snowball,Снежок,⛄,epic,Эпический,4,аксессуар; лёд; крафт,В начале боя: +2 холод. +8% к урону.,Билд: лёд,"Слеплен из снега у входа в заброшенную школу. Внутри — не вода, а крошечные бумажные обрывки с чужими именами.",,
falcon_blade,Соколиный клинок,🦅,rare,Редкий,0,оружие; ближний,Удар 6–10 урона.,,"Когда-то это было оружием. Теперь — улика. Кровь здесь не красная, а цвета старой плёнки.",да,
sun_armor,Солнечная броня,☀️🦺,godly,Божественный,15,броня; огонь; святой; крафт,Каждые 3с: −1 блок → +12 HP и снять 2 дебаффа.,"Билд: огонь / Pyromancer · Крафт: Holy Armor + 2× Flame · Пары: Draconic Orb, Oil Lamp, Flame-крафты",Жар от него пахнет не дымом — горелой бумагой и чужими фотографиями.,да,
sun_shield,Солнечный щит,🛡️☀️,godly,Божественный,14,щит; броня; огонь; крафт; святой,"При 12 блока: 4 маг. урона. При блоке (30%): −14 урона, −0.7 выносливости.","Билд: огонь / Pyromancer · Крафт: Shield of Valor + 2× Flame · Пары: Draconic Orb, Oil Lamp, Flame-крафты",Жар от него пахнет не дымом — горелой бумагой и чужими фотографиями.,да,
pine_protector,Сосновый защитник,🛡️🌲,epic,Эпический,10,щит; броня; природа; крафт,При блоке: +8 HP и +2 регена. +1 защиты.,Крафт: Spiked Shield + Pineapple,"Броня не защищает от ударов. Она защищает от осознания, что удар уже был — просто ты ещё не упал.",да,
stable_recombobulator,Стабильный перекомбобулятор,⚗️,unique,Уникальный,6,аксессуар,"+10% к урону. Каждые 2.5 сек: +1 к самому слабому бонусу, снимает 1 негатива. В магазине перерабатывает содержимое сумки в новые предметы (по их общей цене).",Универсальный / автономный,"Украшение с чужого запястья. Размер подходит. Это должно тревожить сильнее, чем тревожит.",,
steel_goobert,Стальной губерт,⚙️,legendary,Легендарный,17,питомец; ближний; крафт,После 6 активаций: оружие +2 урона и +16 блока.,Билд: питомцы · Крафт: Goobert + Hero Sword,"Глаза у него как у игрушки из автомата: стеклянные, и в них отражается не ты.",да,
starter_bag,Сумка,👜,common,Обычный,0,сумка,,,"Внутри больше места, чем снаружи. Как комната, в которую ты заходишь и понимаешь — выхода не было никогда.",,да
ranger_bag,Сумка следопыта,🏹👜,unique,Уникальный,16,сумка; ranger; дальний,Внутри: +10% крит и +3% за стак.,Билд: Ranger · Кладём Shortbow / стрелы внутрь,"Внутри больше места, чем снаружи. Как комната, в которую ты заходишь и понимаешь — выхода не было никогда.",,да
storage_chest,Сундук,📦,rare,Редкий,7,сумка,+4 слотов рюкзака.,,"Внутри больше места, чем снаружи. Как комната, в которую ты заходишь и понимаешь — выхода не было никогда.",,да
mana_orb,Сфера маны,🔮,legendary,Легендарный,16,магия,Повтор магии (100%). Магический удар 2–7 урона.,,"Формула выучена не из книги — из сна, который повторяется каждый раз, когда засыпаешь в коридоре.",,
mana_orb_charm,Сфера маны (талисман),🔮,epic,Эпический,6,аксессуар; магия; крафт,+10% к магическому урону. Потратить 35 выносливости — неуязвимость на 2 сек.,"Билд: мана · Крафт: Magic Staff, Spectral Dagger · Пары: посохи, мана-зелья","Формула выучена не из книги — из сна, который повторяется каждый раз, когда засыпаешь в коридоре.",,
happy_bomb,Счастливая бомба,🎉,unique,Уникальный,7,аксессуар,Каждые 12 сек: наносит 20 магического урона. +15% урона на 4 сек.,Универсальный / автономный,"Украшение с чужого запястья. Размер подходит. Это должно тревожить сильнее, чем тревожит.",,
lucky_piggy,Счастливая копилка,🐷,epic,Эпический,7,аксессуар; удача; сокровище; крафт,В начале боя: +2 удачи. Эффекты на 12% чаще.,"Билд: крит / Luck, экономика / золото · Крафт: Piggybank + 2× Lucky Clover",Собран из обломков чужих вещей. Здесь всё когда-нибудь становится частью чего-то худшего.,да,
lucky_clover,Счастливый клевер,🍀,rare,Редкий,2,аксессуар; удача; ranger; природа,В начале боя: +1 удача. +8% к урону.,"Билд: крит / Ranger · Крафт: Fortuna's Hope/Grace, Lucky Piggy","Украшение с чужого запястья. Размер подходит. Это должно тревожить сильнее, чем тревожит.",,
cheese,Сыр,🧀,legendary,Легендарный,8,еда; питомец,"Каждые 3.8 сек: +10 к макс. здоровью, даёт случайное усиление. Лечение 3 HP.","Билд: питомцы, еда / Pan",На вкус как память. Неприятная. Настоящая. Ты всё равно проглотишь.,,
sir_sand,Сэр Песок,🏖️,epic,Эпический,5,аксессуар; дебафф; ближний; крафт,В начале боя: получает на 25% меньше урона на 7 сек. В начале боя: +3 яда. +8% к урону.,Крафт: Pocket Sand + Hero Sword,"Предмет, который не лечит. Он только помогает болезни найти дорогу быстрее.",,
lucky_charm,Талисман,🍀,common,Обычный,2,универсальный; удача; аксессуар,+35 удачи.,,Инструмент из ящика «на всякий случай». В этом городе «всякий случай» — это каждый день.,,
dancing_dragon,Танцующий дракон,🐉💃,unique,Уникальный,12,питомец; музыка,В начале боя: +1 усиление. В начале боя: +1 удача. +8% к урону. +1 урона за каждый усиление.,Билд: питомцы,"Глаза у него как у игрушки из автомата: стеклянные, и в них отражается не ты.",,
darkest_lotus,Тёмнейший лотос,🪷🌑,godly,Божественный,5,карта; яд; тёмный; крафт,+4 усиление за карту. В начале боя: +4 усиление. В начале боя: крадёт 3 бонус у врага. +25% урона на 4 сек.,"Билд: яд / DoT, Reaper дебаффы · Пары: Pestilence Flask, Death Scythe, ядовитые питомцы","Яд здесь не зелёный. Он прозрачный, как вода из крана в пустом доме.",,
darksaber,Тёмный меч,⚔️🌑,godly,Божественный,16,оружие; дебафф; тёмный; крафт; ближний,При атаке: потратить 1 ману → +1 яд противнику. +0.5 урона за каждый дебафф противника.,"Билд: Reaper дебаффы · Крафт: Lightsaber + Corrupted Crystal · Пары: Whetstone, Gloves of Haste","Железо, которое не ржавеет от времени — только от того, что на него смотрят слишком долго.",да,
dark_lantern,Тёмный фонарь,🏮,unique,Уникальный,10,аксессуар; огонь; тёмный; крафт,"В начале боя: −50% HP. Перед поражением: перерождение с 50% HP, неуязвимость 1.5с, урон и яд по тегам огня.","Билд: огонь / Pyromancer, Reaper дебаффы · Крафт: Oil Lamp + Corrupted Crystal · Пары: Draconic Orb, Oil Lamp, Flame-крафты","Огонь не освещает. Он показывает то, что стояло в темноте, пока ты отводил взгляд.",,
belladonnas_shade,Тень белладонны,🏹☠️,legendary,Легендарный,11,оружие; яд; дальний; крафт,При попадании: 70% шанс +2 яда.,"Билд: яд / DoT, Ranger дальний бой · Крафт: Shortbow + Pestilence Flask · Пары: Pestilence Flask, Death Scythe, ядовитые питомцы","Когда-то это было оружием. Теперь — улика. Кровь здесь не красная, а цвета старой плёнки.",да,
tim,Тим,🐢,unique,Уникальный,10,питомец,"При попадании: 50% крадёт 1 бонус у врага. +5% к урону. Если у противника меньше 30% здоровья: лечит на 50 HP, +5 к самому сильному бонусу, один раз за бой.",Билд: питомцы,"Глаза у него как у игрушки из автомата: стеклянные, и в них отражается не ты.",,
axe,Топор,🪓,rare,Редкий,6,оружие; ближний; крафт,При попадании: +1 усиление. Удар 3–6 урона.,"Пары: Whetstone, Gloves of Haste","Удар им не больнее обычного. Просто после удара дольше не слышишь собственный пульс. Оставлено для тех, кто ещё помнит своё имя — топор не прощает забывчивых.",,
shell_totem,Тотем раковины,🗿,rare,Редкий,5,аксессуар; крафт; святой,"На 15% быстрее за «святой». Каждые 3.4 сек: лечит на 8 HP, если здоровье низкое.",Крафт: Shiny Shell + Shell Totem,Собран из обломков чужих вещей. Здесь всё когда-нибудь становится частью чего-то худшего.,да,
whetstone,Точильный камень,🪨,common,Обычный,4,аксессуар; крафт; универсальный,В начале боя: оружие +1 урона.,Универсальный буст оружия · Крафт: Hero Sword · Пары: любое оружие (⭐),"Камень из мастерской, где давно не включают свет. Точишь им оружие — и слышишь, как за стеной кто-то тоже точит.",,
unsettling_presence,Тревожное присутствие,👁️,unique,Уникальный,10,аксессуар,"Лечение наносит 30% магического урона. Каждые 3 сек: лечит на 12 HP, тратит 1 случайный бонус. замедление 8%.",Универсальный / автономный,"Украшение с чужого запястья. Размер подходит. Это должно тревожить сильнее, чем тревожит.",,
ace_of_spades,Туз пик,🃏♠️,rare,Редкий,3,карта; крафт,При попадании: +15% урона на 4 сек. +25% урона на 4 сек.,Универсальный / автономный,Собран из обломков чужих вещей. Здесь всё когда-нибудь становится частью чего-то худшего.,,
pumpkin,Тыква,🎃,unique,Уникальный,8,еда; огонь; крафт,50% оглушение. При усталости: +10 жара. Быстрее за еду.,"Билд: огонь / Pyromancer, еда / Pan · Пары: Draconic Orb, Oil Lamp, Flame-крафты · Синергия: стан → Dagger extra attack",Жар от него пахнет не дымом — горелой бумагой и чужими фотографиями.,,
storm_burst,Удар бури,🌩️,rare,Редкий,5,оружие; магия,"При активации: При активации: тратит 1 мана, следующая атака +8 урона и Магический удар 1–4 урона.",,Удар им не больнее обычного. Просто после удара дольше не слышишь собственный пульс.,,
improved_whetstone,Улучшенный точильный камень,🪨✨,uncommon,Необычный,5,аксессуар; крафт; универсальный,В начале боя: оружие +1 урона. Больше слотов для соседей.,Крафт: Whetstone + Forging Hammer,Собран из обломков чужих вещей. Здесь всё когда-нибудь становится частью чего-то худшего.,да,
utility_pouch,Утилитарный мешочек,👝⚔️,unique,Уникальный,18,сумка,+8 слотов рюкзака. +30% к урону. Предметы перезаряжаются на 30% медленнее. Лечит на 35% от нанесённого урона. Каждые 5 сек: ускорить предмет на 35%.,Универсальный / автономный,"Внутри больше места, чем снаружи. Как комната, в которую ты заходишь и понимаешь — выхода не было никогда. Оставлено для тех, кто ещё помнит своё имя — утилитарный мешочек не прощает забывчивых.",,да
torch,Факел,🔦,rare,Редкий,5,аксессуар; огонь; ближний; крафт,При попадании: +1 усиление.,"Билд: огонь / Pyromancer · Крафт: Wooden Sword + Lump of Coal · Пары: Draconic Orb, Oil Lamp, Flame-крафты",Жар от него пахнет не дымом — горелой бумагой и чужими фотографиями.,да,
fanfare,Фанфары,🎺,godly,Божественный,7,аксессуар; музыка,"Каждые 3 сек: −1 выносливости врагу, оглушение 1с каждые 5 тика.",Синергия: стан → Dagger extra attack,"Украшение с чужого запястья. Размер подходит. Это должно тревожить сильнее, чем тревожит.",,
phoenix,Феникс,🔥🐦,legendary,Легендарный,10,питомец; крафт,При атаке: −10 HP. Перерождение с 6% HP.,Билд: питомцы,"Спутник не живой. Он просто ещё не понял, что давно умер — и потому остаётся рядом.",,
flute,Флейта,🎵,epic,Эпический,6,аксессуар; музыка,"На 10% быстрее за соседа. Каждые 4.7 сек: случайно: +14 блока, +2 выносливости или +2 удача.","Билд: Musical · Пары: Fanfare, Dancing Dragon","Украшение с чужого запястья. Размер подходит. Это должно тревожить сильнее, чем тревожит.",,
relic_case,Футляр реликвии,📿👜,unique,Уникальный,12,сумка,+4 слотов рюкзака. Каждые 2.5 сек: оружие внутри +1 урона.,Универсальный / автономный,"Внутри больше места, чем снаружи. Как комната, в которую ты заходишь и понимаешь — выхода не было никогда.",,да
healing_herb,Целебная трава,🌿,common,Обычный,2,еда; природа; лечение,Лечение 5 HP.,,"Запах домашний. Но дома давно нет — только эта комната и твой голод, который не утолняется.",,
healing_herbs,Целебные травы,🌿,common,Обычный,4,еда; природа,В начале боя: +2 удача. +8% к урону.,Билд: еда / Pan,На вкус как память. Неприятная. Настоящая. Ты всё равно проглотишь.,,
chain_whip,Цепной кнут,⛓️🪢,legendary,Легендарный,11,оружие; ближний; шипы; крафт,При попадании: +12 HP и +1 шип. +0.6 урона за дебафф противника.,Крафт: Thorn Whip + Forging Hammer · Berserker,"Когда-то это было оружием. Теперь — улика. Кровь здесь не красная, а цвета старой плёнки.",да,
offering_bowl,Чаша подношений,🥣,unique,Уникальный,8,сумка; аксессуар; дальний,+4 слотов рюкзака. В начале боя: +1 удача. +4 слота в контейнере. Содержимое можно переработать в магазине. В магазине превращает содержимое контейнера в пламя.,"Билд: Ranger дальний бой · Пары: Lucky Clover, Acorn Collar, Fortuna-ветка","Украшение с чужого запястья. Размер подходит. Это должно тревожить сильнее, чем тревожит.",,да
skull_badge,Черепной значок,💀,unique,Уникальный,5,аксессуар; яд; крафт,Каждые 1.5 сек: отравляет врага (1). Накладывает 1 яда. В магазине чаще встречаются предметы: жнец.,"Билд: яд / DoT · Пары: Pestilence Flask, Death Scythe, ядовитые питомцы","Капля на металле расползается медленно — как пятно на стене, которое появляется каждую ночь.",,
blueberries,Черника,🫐,rare,Редкий,2,еда; магия,Каждые 3.5 сек: +1 к самому слабому бонусу (удвоенная мана при 10+). Лечение 2 HP.,"Билд: мана / магия, еда / Pan · Пары: Mana Orb, Mana Potion, магические посохи","Магия здесь не светится. Она шепчет и портит воздух, как плесень в вентиляции.",,
garlic,Чеснок,🧄,common,Обычный,2,еда; яд; природа,"Каждые 4 сек: +3 блок, 30% снимает 1 негатива. Лечение 2 HP.","Билд: яд / DoT, еда / Pan · Пары: Pestilence Flask, Death Scythe, ядовитые питомцы","Головка, найденная в ящике стола санитарки. Запах не отталкивает нежить — он напоминает, что ты всё ещё дышишь в этом месте.",,
cap_of_discomfort,Шапка дискомфорта,🧢😣,legendary,Легендарный,14,броня; шлем; тёмный; крафт,В начале боя: −25% получаемого урона на 5с.,Билд: Reaper дебаффы · Крафт: Cap of Resilience + Corrupted Crystal,"Броня не защищает от ударов. Она защищает от осознания, что удар уже был — просто ты ещё не упал.",да,
doom_cap,Шапка рока,🎩☠️,godly,Божественный,10,броня; шлем; яд; тёмный; крафт,Каждые 3.1с: +3 яда.,"Билд: яд / DoT, Reaper дебаффы · Пары: Pestilence Flask, Death Scythe, ядовитые питомцы","Яд здесь не зелёный. Он прозрачный, как вода из крана в пустом доме.",да,
cap_of_resilience,Шапка стойкости,🧢💪,epic,Эпический,7,броня; шлем; крафт,В начале боя: получает на 25% меньше урона на 3 сек. +8% к урону.,Универсальный / автономный,"Щит тяжелее, чем кажется. Как дверь, которую ты закрывал, зная, что за ней кто-то стоит.",,
shelly,Шелли,🐚,rare,Редкий,6,питомец; святой,"На 25% чаще срабатывают эффекты предметов. На 20% быстрее за «зелья». Каждые 13 сек: снимает 6 негатива, лечит на 40 HP.",Билд: питомцы,"Спутник не живой. Он просто ещё не понял, что давно умер — и потому остаётся рядом.",да,
belladonnas_whisper,Шёпот белладонны,🏹🌿,legendary,Легендарный,13,оружие; яд; дальний; крафт,При попадании: +1 яд. +0.5 урона за дебафф противника.,"Билд: яд / DoT, Ranger дальний бой · Крафт: Bow and Arrow + Pestilence Flask · Пары: Pestilence Flask, Death Scythe, ядовитые питомцы",Удар им не больнее обычного. Просто после удара дольше не слышишь собственный пульс.,да,
thorn_whip,Шипастый кнут,🪢🌵,epic,Эпический,8,оружие; ближний; шипы; крафт,При попадании: +1 шип. +1 урона за каждый шип. Удар 4–9 урона.,"Билд: шипы · Крафт: Bloodthorne, Flame Whip · Пары: Walrus Tusk","Железо, которое не ржавеет от времени — только от того, что на него смотрят слишком долго.",,
spiked_collar,Шипастый ошейник,⭕,legendary,Легендарный,6,аксессуар; шипы; крафт,В начале боя: +1 шип. +2 защиты.,Билд: шипы / отражение,Собран из обломков чужих вещей. Здесь всё когда-нибудь становится частью чего-то худшего.,,
spiked_staff,Шипастый посох,🪄🌵,legendary,Легендарный,12,оружие; магия; ближний; шипы; крафт,"При атаке: −3 маны → +6 урона, +4 шипа, +1 урона навсегда и +2 усиления.",Крафт: Magic Staff + Spiked Collar · Berserker / шипы,"Удар им не больнее обычного. Просто после удара дольше не слышишь собственный пульс. Оставлено для тех, кто ещё помнит своё имя — шипастый посох не прощает забывчивых.",да,
spiked_shield,Шипастый щит,🛡️🌵,rare,Редкий,8,щит; броня; шипы; крафт,При блоке: 30% шанс +1 шип.,Билд: шипы / отражение · Крафт: Wooden Buckler + Walrus Tusk,"Щит тяжелее, чем кажется. Как дверь, которую ты закрывал, зная, что за ней кто-то стоит.",да,
the_fool,Шут,🃏🤡,epic,Эпический,1,карта; крафт,В начале боя: +1 удача. +10 удачи. +25% урона на 4 сек.,Универсальный / автономный,Собран из обломков чужих вещей. Здесь всё когда-нибудь становится частью чего-то худшего.,,
shield_of_valor,Щит доблести,🛡️⭐,legendary,Легендарный,11,щит; броня; крафт; святой,"При блоке или уклонении (30% шанс): блокирует 14 урона, забирает 0.7 выносливости у врага. +2 защиты. +30% эффективности блока.",Универсальный / автономный,"Щит тяжелее, чем кажется. Как дверь, которую ты закрывал, зная, что за ней кто-то стоит.",,
apple,Яблоко,🍎,common,Обычный,1,еда; лечение,Лечение 3 HP.,,"Запах домашний. Но дома давно нет — только эта комната и твой голод, который не утолняется.",,
poison_vial,Яд,☠️,common,Обычный,2,яд; расходник,Накладывает 1 яда.,,"Капля на металле расползается медленно — как пятно на стене, которое появляется каждую ночь.",,
pestilence_flask,Ядовитое зелье,🧪☠️,epic,Эпический,7,зелье; яд; расходник; крафт,Когда враг лечится: +1 яда ему. Накладывает 3 яда.,"Билд: яд · Крафт: Poison Dagger / Spear · Пары: Death Scythe, яд-питомцы","Яд здесь не зелёный. Он прозрачный, как вода из крана в пустом доме.",,
poison_spear,Ядовитое копьё,🔱☠️,legendary,Легендарный,13,оружие; яд; ближний; крафт,"При попадании: +3 яда, +2 себе, снять 6 блока.","Билд: яд / DoT · Крафт: Spear + Pestilence Flask · Пары: Pestilence Flask, Death Scythe, ядовитые питомцы",Удар им не больнее обычного. Просто после удара дольше не слышишь собственный пульс.,да,
poison_goobert,Ядовитый губерт,🟢☠️,epic,Эпический,12,питомец; яд; крафт,После 5 активаций: +9 HP и +4 яда.,"Билд: яд / DoT, питомцы · Крафт: Goobert + 2× Fly Agaric · Пары: Pestilence Flask, Death Scythe, ядовитые питомцы","Капля на металле расползается медленно — как пятно на стене, которое появляется каждую ночь.",да,
poison_dagger,Ядовитый кинжал,🗡️,common,Обычный,3,оружие; яд; ближний,При попадании: +2 яда. Дополнительная атака по оглушённому противнику. Удар 1–2 урона.,,"Клинок из ящика «острые предметы» в кабинете директора. Ржавчина на стали — не самая тёмная вещь, что с него стекает.",да,
eggscalibur,Яйце-экскалибур,🥚,legendary,Легендарный,0,оружие; ближний,Удар 14–22 урона.,,"Железо, которое не ржавеет от времени — только от того, что на него смотрят слишком долго.",да,
box_of_riches,Ящик богатства,📦,rare,Редкий,5,аксессуар; сокровище,В магазине даёт сколотый камень. В магазине чаще встречаются предметы: камни.,Билд: экономика / золото,"Украшение с чужого запястья. Размер подходит. Это должно тревожить сильнее, чем тревожит.",,
box_of_prosperity,Ящик процветания,📦,epic,Эпический,5,сумка; сокровище,"Рюкзак 4 слота, внутри 2+ Уникальный/Божественный — сколотый камень за раунд",Билд: экономика / камни · Крафт: Box of Riches + Maneki-neko / Hammer,"Внутри больше места, чем снаружи. Как комната, в которую ты заходишь и понимаешь — выхода не было никогда.",да,да
